UNLOCODE,Company Name,Terminal Facility,Terminal Code,Last Change,Valid From,Valid Before,Date Insert,Applicant Name,Applicant Email,Coordinates,Terminal Contact Or Website
AEAUH,ABU DHABI TERMINAL,KHALIFA PORT CONTAINER TERMINAL,ADT,,2015-05-03,,,Hapag-Lloyd AG,michael.schroeder@hlag.com,,
AEJEA,DP World Jebel Ali,DP World Jebel Ali,DPWJA,,2012-10-05,,2013-10-04,HSDG,,"24.98833, 55.06278",
AEJEA,DP World,JEA - CT2,DPWJ2,,2015-02-05,,,Hapag-Lloyd AG,michael.schroeder@hlag.com,,
AEJEA,DP World,JEA - CT3,DPWJ3,,2015-02-05,,,Hapag-Lloyd AG,michael.schroeder@hlag.com,,
AEKLF,KHORFAKKAN CONTAINER TERMINAL,KHORFAKKAN CONTAINER TERMINAL,KCTKLF,,2015-11-05,,,S. Godse,,"25.35389, 56.36778",http://www.gulftainer.com/terminals/uae/khorfakkan-container-terminal/
AOLAD,TERMINAL 5M - SOPORTOS,TERMINAL 5M - SOPORTOS,SOPO,,2015-09-22,,,Hapag-Lloyd AG,michael.schroeder@hlag.com,,
ARBHI,TERMINAL BAHIA BLANCA,TERMINAL BAHIA BLANCA,TBB,,2004-05-31,,,,,"-38.78950, -62.27700",
ARBUE,BS AS CONTAINER TERMINAL SERVICES SA,BS AS CONTAINER TERMINAL SERVICES SA,BSAS,,2004-05-31,,,,,"-34.57683, -58.37333",
ARBUE,EXOLGAN SA,EXOLGAN SA BUE,EXOL,,2004-05-31,,,,,"-34.64000, -58.34667",
ARBUE,TERMINAL 4 SA,TERMINAL 4,TERM4,,2004-05-31,,,,,"-34.58200, -58.36667",
ARBUE,Terminales Rio de la Plata SA,Terminales Rio de la Plata,TRP,,2005-09-19,,2005-09-19,P&O Ports,,"-34.58475, -58.36306",
ARLPS,TERMINAL LAS PALMAS MOLCA,LAS PALMAS MOLCA,LPMOL,,2004-05-31,,,,,"-34.02117, -59.12750",
ARMDQ,COOTRAPORT LTDA,COOTRAPORT LTDA,COOTR,,2004-05-31,,,,,"-38.04683, -57.53633",
ARPMY,PUERTO PUBLICO & LOGINTER,PTO PUBLICO,PUPUB,,2004-05-31,,,,,"-42.73600, -65.03850",
ARPUD,COSTANERA SA,COSTANERA SA,COSTA,,2004-05-31,,,,,"-47.75350, -65.91117",
ARPUD,COSTANERA SA,PUERTO DESEADO,PUDES,,2004-05-31,,,,,"-47.75350, -65.91117",
ARROS,TERMINAL ROSARIO,TERMINAL ROSARIO,TROSA,,2004-05-31,,,,,"-32.97667, -60.61806",
ARSAE,TSP PATAGONIA NORTE SATERMINAL DE SERVICIOS PORTUARIOS,TSP PATAGONIA NORTE SATERMINAL DE SERVICIOS P,TSP,,2004-05-31,,,,,"-40.79917, -64.88250",
ARUSH,PATAGONIA LOGISTIC SOLUTIONS SA,PATAGONIA LOGISTIC SOLUTIONS SA,PLS,,2004-05-31,,,,,"-54.80883, -68.30333",
ARZAE,TZ TERMINALES PORTUARIAS,TERMINAL ZARATE,TZARA,,2004-05-31,,,,,"-34.06783, -59.03500",
ASPPG,PORT OF PAGO PAGO,PORT OF PAGO-PAGO,PAGO,,2004-05-31,,,,,"-14.27667, -170.68472",
AUADL,Australian Amalgamated Terminals,Outer Harbour,AATGH,,2014-04-17,,2007-04-17,DP World (Australia),karl.zlotkowski@dpworld.com,,
AUADL,DP World (Australia),Adelaide,DPWAD,,2014-04-17,,2007-04-17,DP World (Australia),karl.zlotkowski@dpworld.com,,
AUADL,FLINDERS ADELAIDE CONTAINER TERMINAL,FLINDERS ADELAIDE CONTAINER TERMINAL,FLACT,,2004-05-31,,,,,"-34.76944, 138.49056",
AUBEL,P&O Automotive & General Stevedoring,Bell Bay,CONBE,,2014-04-17,,2007-04-17,DP World (Australia),karl.zlotkowski@dpworld.com,,
AUBEL,Patrick,Bell Bay,PTBEL,,2001-06-26,,2001-06-26,,,,
AUBNE,Australian Amalgamated Terminals,Fisherman Islands,AATFI,,2014-04-17,,2007-04-17,DP World (Australia),karl.zlotkowski@dpworld.com,,
AUBNE,Brisbane Container Terminals PTY LTD (BCT),Brisbane Container Terminals Berth 11 and 12,HPAFI,,2015-03-10,,,Hapag-Lloyd AG,michael.schroeder@hlag.com,,
AUBNE,DP World (Australia),DP World Brisbane Automated - Fisherman Island,DPBNE,,2014-03-14,,2014-03-14,1-Stop Connections,tlatella@1-stop.biz,,
AUBNE,Patrick,Fisherman Island,ASFI3,,2001-06-26,,2001-06-26,,,,
AUBNE,Patrick,Maritime Wharf,PTMAR,,2001-06-26,,2001-06-26,,,,
AUBWT,P&O Automotive & General Stevedoring,Burnie,CONBN,,2014-04-17,,2007-04-17,DP World (Australia),karl.zlotkowski@dpworld.com,,
AUBWT,Patrick,Burnie,PTBUR,,2004-05-31,,2001-06-26,,,,
AUDRW,Patrick General Stevedoring,East Arm Port,PATEAP,,2015-03-10,,,Hapag-Lloyd AG,michael.schroeder@hlag.com,,
AUDRW,P&O Automotive & General Stevedoring,Darwin,CONDW,,2014-04-17,,2007-04-17,DP World (Australia),karl.zlotkowski@dpworld.com,,
AUFRE,Patrick,Fremantle,ASLFR,,2004-05-31,,2001-06-26,,,,
AUFRE,DP World (Australia),Fremantle,CONFR,,2014-04-17,,2007-04-17,DP World (Australia),karl.zlotkowski@dpworld.com,,
AUGEX,PATRICK STEVEDORING PTY LTD,Patrick Geelong Terminal,PATGP,,2014-06-10,,,1-Stop Connections,tlatella@1-stop.biz,,
AUGLT,P&O Automotive & General Stevedoring,Gladstone,CONGL,,2014-04-17,,2007-04-17,DP World (Australia),karl.zlotkowski@dpworld.com,,
AUHLT,P&O Automotive & General Stevedoring,Hamilton,CONHM,,2014-04-17,,2007-04-17,DP World (Australia),karl.zlotkowski@dpworld.com,,
AUMEL,Australian Amalgamated Terminals,Webb Dock West,AATWD,,2014-04-17,,2007-04-17,DP World (Australia),karl.zlotkowski@dpworld.com,,
AUMEL,Patrick,Patrick East Swanson,ASES1,,2004-05-31,,2001-06-15,,,,
AUMEL,P&O Automotive & General Stevedoring,Appleton Dock,CONMEL,,2014-04-17,,2007-04-17,DP World (Australia),karl.zlotkowski@dpworld.com,,
AUMEL,DP World (Australia),West Swanson,CONWS,,2014-04-17,,2007-04-17,DP World (Australia),karl.zlotkowski@dpworld.com,,
AUMEL,Patrick,Webb Dock,NTLWD,,2004-05-31,,2001-06-15,,,,
AUMEL,Patrick Stevedores Operations PTY Ltd.,Patrick Terminal Melbourne,PATMB,,2004-05-31,,,,,"-37.81389, 144.91528",
AUPKL,Australian Amalgamated Terminals,Port Kembla,AATPK,,2004-05-31,,2007-05-18,DP World (Australia),karl.zlotkowski@dpworld.com,,
AUPKL,P&O Automotive & General Stevedoring,Port Kembla,POPPK,,2014-04-17,,2007-04-17,DP World (Australia),karl.zlotkowski@dpworld.com,,
AUSYD,Australian Amalgamated Terminals,Glebe Island,AATGI,,2014-04-17,,2007-04-17,DP World (Australia),karl.zlotkowski@dpworld.com,,
AUSYD,DP World (Australia),Port Botany,CTLPB,,2004-05-31,,2007-04-17,DP World (Australia),karl.zlotkowski@dpworld.com,,
AUSYD,Patrick,Darling Harbour,PATDH,,2004-05-31,,2001-06-15,,,,
AUSYD,Patrick,Port Botany,ASLPB,,2004-05-31,,2001-06-15,,,,
AUSYD,P&O Automotive & General Stevedoring,Darling Harbour,CONDH,,2014-04-17,,2007-04-17,DP World (Australia),karl.zlotkowski@dpworld.com,,
AUSYD,P&O Automotive & General Stevedoring,Glebe Island,CONGI,,2014-04-17,,2007-04-17,DP World (Australia),karl.zlotkowski@dpworld.com,,
AUSYD,P&O Automotive & General Stevedoring,White Bay,CONWB,,2004-05-31,,2007-04-17,DP World (Australia),karl.zlotkowski@dpworld.com,,
AUSYD,Terminals PTY LTD (SICTL),Sydney International Container Terminal,HPAPB,,2015-03-10,,,Hapag-Lloyd AG,michael.schroeder@hlag.com,,
AWORJ,Aruba Stevedoring Company (ASTEC) N.V.,Aruba Stevedoring Company (ASTEC) N.V.,ASTEC,,2004-05-31,,,,,"12.52250, -70.04633",
BDCGP,Chittagong Port Authority,Chittagong Port,BDPORT,,2015-05-03,,,Hapag-Lloyd AG,michael.schroeder@hlag.com,,
BEANR,DP World (Antwerp),Delwaide dock terminal facility,742,,2014-04-17,,2007-04-17,DP World (Australia),karl.zlotkowski@dpworld.com,,
BEANR,SEA-invest Fruit and Food Division - BNFW,Belgian New Fruit Wharf,BNFW,,2015-10-30,,,Belgian New Fruit Wharf,steven.vandertaelen@sea-invest.be,,
BEANR,PSA-HNN,ANR-MARITIME,ANM,,2005-02-23,,2005-02-23,Finnlines,,,
BEANR,DP World (Antwerp),Antwerp Gateway Terminal,1700,,2014-04-17,,2007-04-17,DP World (Australia),karl.zlotkowski@dpworld.com,,
BEANR,PSA-Antwerp,Deurganck Terminal - K1742,K1742,,2014-07-14,,2014-07-14,PSA-Antwerp,paul.wauters@psa-antwerp.be,,
BEANR,DP World (Antwerp),6th Harbour Dock / Hansa Dock Terminal,242,,2014-04-17,,2007-04-17,DP World (Australia),karl.zlotkowski@dpworld.com,,
BEANR,DP World (Antwerp),7th Harbour Dock,314,,2014-04-17,,2007-04-17,DP World (Australia),karl.zlotkowski@dpworld.com,,
BEANR,PSA-Antwerp,Churchill Terminal - K402-K428,K420,,2014-07-14,,2014-07-14,PSA-Antwerp,paul.wauters@psa-antwerp.be,,
BEANR,MSC,Home Terminal - K702-K730,K730,,2014-07-14,,2014-07-14,PSA-Antwerp,paul.wauters@psa-antwerp.be,,
BEANR,DP World (Antwerp),Delwaide Dock Terminal,736,,2014-04-17,,2007-04-17,DP World (Australia),karl.zlotkowski@dpworld.com,,
BEANR,PSA-Antwerp,Europa Terminal - K851-K869,K869,,2014-07-14,,2014-07-14,PSA-Antwerp,paul.wauters@psa-antwerp.be,,
BEANR,PSA-Antwerp,Noordzee Terminal - K903-K913,K913,,2014-07-14,,2014-07-14,PSA-Antwerp,paul.wauters@psa-antwerp.be,,
BEANR,Omega,Omega Logistics  K522,OMEGA,,2005-01-25,,2005-01-25,OMEGA,,,
BEZEE,PSA-Zeebrugge,ZIP Terminal K129,Z129,,2014-07-14,,2014-07-14,PSA-Zeebrugge,paul.wauters@psa-antwerp.be,,
BEZEE,PSA-Zeebrugge,OCHZ Terminal - K202-K207,Z206,,2014-07-14,,2014-07-14,PSA-Zeebrugge,paul.wauters@psa-antwerp.be,,
BHBAH,APM TERMINAL BAHRAIN B.S.C. (C),APM TERMINAL,POSU,,2015-09-21,,,Hapag-Lloyd AG,michael.schroeder@hlag.com,,
BJCOO,BENIN TERMINAL,BENIN TERMINAL,BTER,,2015-09-22,,,Hapag-Lloyd AG,michael.schroeder@hlag.com,,
BRFOR,TERMACO TERMINAIS MAR DE CONTAINERS E SERV ACES LTDA,TERMACO OCEAN TERMINAL,TOT,,2004-05-31,,,,,"-3.71083, -38.47361",
BRIBB,TECON IMBITUBA SA,TECON IMBITUBA SA,TECIB,,2004-05-31,,,,,"-28.22972, -48.65000",
BRIOA,ITAPOA TERMINAIS PORTUARIOS S/A,ITAPOA TERMINAIS PORTUARIOS S/A,ITP,,2004-05-31,,,,,"-26.18222, -48.60528",
BRITJ,APM Terminal Itajai,APM Terminal Itajai,BRAITJ,,2015-10-12,,,,,,
BRITJ,TECONVI SA TERM CNTRS VALE ITAJAI,TECONVI SA TERM CNTRS VALE ITAJAI,TECVI,,2004-05-31,,,,,"-26.90167, -48.66417",
BRMAO,CHIBATAO NAVEGACAO E COMERCIO LTDA,CHIBATAO NAVEGACAO E COMERCIO LTDA,CHINC,,2004-05-31,,,,,"-3.15667, -59.99000",
BRMAO,SUPER TERMINAIS COM E IND LTDA,SUPER TERMINAIS,SUPER,,2004-05-31,,,,,"-3.14972, -59.99833",
BRNVT,PORTONAVE SA TERMINAIS PORTUARIOS,PORTONAVE SA TERMINAIS PORTUARIOS,PTP,,2004-05-31,,,,,"-26.89639, -48.66278",
BRPEC,APM Terminals Pecem Operacoes Portuarias Ltda,APMT Pecem,BRAPEC,,2015-10-13,,,APM Terminals,mauricio.telles@apmterminals.com,,
BRPEC,CTO-CEARA TERMINAL OPERATOR LTDA,CTO - CEARA TERMINAL OPERATOR,CTO,,2004-05-31,,,,,"-3.54861, -38.81083",
BRPEC,TECER TERM PORT CEARA LTDA,TECER TERM PORT CEARA LTDA,TECER,,2004-05-31,,,,,"-3.54861, -38.81083",
BRPNG,TCP DE CONTEINERES DE PARANAGUA SA,TCP DE CONTEINERES DE PARANAGUA SA,TCP,,2004-05-31,,,,,"-25.50278, -48.50194",
BRRIG,SUPERMAR SA,SUPERMAR SA,SUPMA,,2004-05-31,,,,,"-32.04075, -52.07606",
BRRIG,TECON RIO GRANDE SA,TECON RIO GRANDE SA,TECRG,,2004-05-31,,,,,"-32.12581, -52.10381",
BRRIO,LIBRA TERMINAIS SA,LIBRA TERMINAIS SA,LIBRJ,,2004-05-31,,,,,"-22.87444, -43.20583",
BRRIO,MULTI RIO OPERACOES PORTUARIA SA,MULTI RIO OPERACOES PORTUARIA SA,MROP,,2004-05-31,,,,,"-22.87681, -43.20750",
BRSFS,TESC TERMINAL SANTA CATARINA SA,TESC TERMINAL SANTA CATARINA SA,TESC,,2004-05-31,,,,,"-26.23458, -48.63519",
BRSLZ,Brazil Maritima Ltda - ME,Brazil Maritima,BRMAR,,2004-05-31,,,,,"-2.57778, -44.36917",
BRSPB,SEPETIBA TECON SA,SEPETIBA TECON SA,TECSE,,2004-05-31,,,,,"-22.93056, -43.83833",
BRSSA,TECON SALVADOR SA,TECON SALVADOR SA,TECSV,,2004-05-31,,,,,"-12.95778, -38.50694",
BRSSZ,BRASIL TERMINAL PORTUARIO S.A. SANTOS,BRASIL TERMINAL PORTUARIO S.A. SANTOS,BTP,,2014-07-22,,2014-07-22,HSDG,ulf.patzer@hamburgsud.com,"-23.91667, -46.35000",
BRSSZ,ECOPORTO SANTOS,ECOPORTO SANTOS,ECOS,,2014-07-22,,2014-07-22,HSDG,ulf.patzer@hamburgsud.com,"-23.92778, -46.33528",
BRSSZ,Embraport Empresa Brasileira,Embraport,EMBRA,,2004-05-31,,,,,"-23.92167, -46.31556",
BRSSZ,LIBRA TERMINAIS SA,LIBRA TERMINAIS SA,LIBSS,,2004-05-31,,,,,"-23.97164, -46.29617",
BRSSZ,RODRIMAR SA TRANSP EQUIP INDUSTRIAL,RODRIMAR SA TRANSP EQUIP INDUSTRIAL,RODRI,,2004-05-31,,,,,"-23.92644, -46.34111",
BRSSZ,SANTOS BRASIL SA,SANTOS BRASIL SA,SSA,,2004-05-31,,,,,"-23.96250, -46.29333",
BRSUA,TECON SUAPE SA,TECON SUAPE SA,TECSU,,2004-05-31,,,,,"-8.39306, -34.96750",
BRVIX,TERMINAL DE VILA VELHA SA,TERMINAL DE VILA VELHA SA,TDVV,,2004-05-31,,,,,"-20.32444, -40.32889",
BRVLC,CONVICON CONTEINERES DE VILA DO CONDE S/A,CONVICON,CONVI,,2004-05-31,,,,,"-1.53944, -48.75417",
CAHAL,CERESCORP COMPANY,FAIRVIEW COVE 2025,FCOVE,,2015-01-29,,,Hapag-Lloyd AG,michael.schroeder@hlag.com,,
CAHAL,HALTERM CONTAINER TERMINAL LIMITEDPARTNERSHIP,HALIFAX TERMINAL,HAFXT,,2013-06-05,,2013-06-05,HSDG,,"44.62833, -63.56250",
CAMTR,MONTREAL GATEWAY TERMINALS,POM SECTION 77 - CAST,MGTCAS,,2015-02-19,,,Hapag-Lloyd AG,michael.schroeder@hlag.com,,
CAMTR,MONTREAL GATEWAY TERMINALS,POM SECTION 62 - RACINE,MGTRAC,,2015-02-19,,,Hapag-Lloyd AG,michael.schroeder@hlag.com,,
CAMTR,Termont Terminal Inc,POM SECTION 68 - TERMONT,TMTMAI,,2015-02-19,,,Hapag-Lloyd AG,michael.schroeder@hlag.com,,
CAVAN,P&O Ports Canada Inc,Centennial Pier (Centerm),CENTERM,,2005-09-19,2016-04-06,2005-09-19,P&O Ports,,,
CAVAN,FRASER SURREY DOCKS,FRASER SURREY DOCKS,FSD,,2004-05-31,,,,,"49.18583, -122.91333",
CAVAN,GCT CANADA LIMITED PARTNERSHIP,"Deltaport  2 Roberts Bank Road, BC, V4M 4G5",DLT,2015-01-27,2006-08-28,,,GCT Canada (formerTSI Terminal Systems),emcmillan@globalterminals.com,,
CAVAN,GCT CANADA LIMITED PARTNERSHIP,"Vanterm Container Terminal 1300 Stewart Street, BC, V5L 4X5",VTM,2015-01-27,2006-08-28,,2006-08-28,GCT Canada (formerTSI Terminal Systems),emcmillan@globalterminals.com,,
CGPNR,Congo Terminal Pointe Noire,Congo Terminal Pointe Noire,CTPN,,2016-05-13,,,HSDG,Marc.Jordens@Hamburgsud.com,"-04.79167, 11.83000",www.congo-terminal.net
CIABJ,EXAF,EXAF,SETV1,,2015-10-09,,,Hapag-Lloyd AG,michael.schroeder@hlag.com,,
CLANF,ANTOFAGASTA TERMINAL INTERNACIONALS.A.,ATI ANTOFAGASTA,ATI,,2004-05-31,,,,,"-23.65000, -70.40800",
CLANF,EMPRESA PORTUARIA ANTOFAGASTA,EPA ANTOFAGASTA,EPA,,2004-05-31,,,,,"-23.65000, -70.40467",
CLARI,TERMINAL PUERTO ARICA S.A.,TERMINAL PACIFICO ARICA,TPA,,2004-05-31,,,,,"-18.47300, -70.32833",
CLIQQ,IQUIQUE TERMINAL INTERNACIONAL S.A.,ITI IQUIQUE,ITI,,2004-05-31,,,,,"-20.20433, -70.15733",
CLLQN,PUERTO DE LIRQUEN S.A.,PUERTO LIRQUEN,PLIRQ,,2004-05-31,,,,,"-36.70767, -72.98967",
CLPAG,COMPANIA PORTUARIA MEJILLONES S.A.,PUERTO ANGAMOS,PANGA,,2004-05-31,,,,,"-23.06667, -70.38667",
CLSAI,SAN ANTONIO TERMINAL INTERNACIONALS.A.,STI SAN ANTONIO,STI,,2004-05-31,,,,,"-33.58917, -71.62200",
CLSVE,SAN VICENTE TERMINAL INTERNACIONAL,SVTI SAN VICENTE OCEAN TERMINAL,SVTI,,2004-05-31,,,,,"-36.73083, -73.13783",
CLVAP,EMPRESA PORTUARIA DE VALPARAISO,EPV VALPARAISO,EPV,,2004-05-31,,,,,"-33.03700, -71.62583",
CLVAP,TERMINAL PACIFICO SUR VALPARAISO SA.,TPS VALPARAISO,TPS,,2004-05-31,,,,,"-33.03167, -71.62717",
CNCKG,"Chongqing Inrternational Container Terminal Co., Ltd.",Cuntan Terminal,CUNTAN,,2015-05-03,,,Hapag-Lloyd AG,michael.schroeder@hlag.com,,
CNCWN,Chiwan Container Terminal,Chiwan Container Terminal,CCT,,2004-05-31,,,,,"22.46778, 113.87722",
CNCWN,"Shenzhen Chiwan Harbour Container Co.,Ltd.","Shenzhen Chiwan Harbour Container Co.,Ltd.",CHT,,2015-05-03,,,Hapag-Lloyd AG,michael.schroeder@hlag.com,,
CNCWN,Mawant Chiwan Container Terminal,Mawant Chiwan Container Terminal,MWT,,2015-05-03,,,Hapag-Lloyd AG,michael.schroeder@hlag.com,,
CNDCB,"Shenzhen Dachan Bay Modern Port Development Cc.,Ltd.",Da Chan Bay Terminal,DACHAN,,2015-09-21,,,Hapag-Lloyd AG,michael.schroeder@hlag.com,,
CNDLC,"DALIAN PORT CONTAINER TERMINAL CO.,LTD",DALIAN PORT CONTAINER TERMINAL,DPCT,,2004-05-31,,,,,"39.00889, 121.87361",
CNFOC,FUZHOU INTERNATION CONTAINER TERMINAL,FUZHOU INTERNATION CONTAINER TERMINAL,FICT,,2015-06-24,,,Hapag-Lloyd AG,michael.schroeder@hlag.com,,
CNFOC,FUZHOU MAWEI PORT,FUZHOU MAWEI PORT,FMP,,2015-06-24,,,Hapag-Lloyd AG,michael.schroeder@hlag.com,,
CNLYG,LIANYUNGANG PORT CONTAINER TERMINAL,LIANYUNGANG PORT CONTAINER TERMINAL,ZGXXX,,2004-05-31,,,,,,
CNLYG,LIANYUNGANG PORT GANGYU TERMINAL,LIANYUNGANG PORT GANGYU TERMINAL,GYXXX,,2004-05-31,,,,,,
CNNGB,NINGBO BEILUN CONTAINER TERMINAL,NINGBO BEILUN CONTAINER TERMINAL,BLCT1,,2004-05-31,,,,,,
CNNGB,NINGBO BEILUN SECOND CONTAINER TERMINAL,NINGBO BEILUN SECOND CONTAINER TERMINAL,BLCT2,,2004-05-31,,,,,,
CNNGB,NINGBO BEILUNSHAN CONTAINER TERMINAL,NINGBO BEILUNSHAN CONTAINER TERMINAL,B2SCT,,2004-05-31,,,,,,
CNNGB,NINGBO DAXIE CHINA MERCHANTS INTERNATIONAL CONTAINER TERMINALS,DAXIE CM TERMINALS,BLCT5,,2004-05-31,,,,,"29.94500, 121.83333",
CNNGB,NINGBO GANGJI  CONTAINER TERMINAL,NINGBO GANGJI  CONTAINER TERMINAL,BLCT3,,2004-05-31,,,,,,
CNNGB,NINGBO MEISHAN-ISLAND INTERNATIONAL CONTAINER TEMRINAL,NINGBO MEISHAN-ISLAND INTL CNT TMNL,BLCT6,,2004-05-31,,,,,"29.77167, 122.00028",
CNNGB,NINGBO YONGZHOU CONTAINER TERMINALS,NINGBO YONGZHOU CONTAINER TERMINALS,YZCT7,,2004-05-31,,,,,,
CNNGB,NINGBO YUANDONG CONTAINER TERMINAL,NINGBO YUANDONG CONTAINER TERMINAL,BLCT4,,2004-05-31,,,,,,
CNNKG,NANJING PORT-LONGTAN CONTAINER-CO. LTD,NANJING PORT-LONGTAN,NPL,,2015-05-03,,,Hapag-Lloyd AG,michael.schroeder@hlag.com,,
CNNSA,GUANGZHOU SOUTH CHINA OCEANGATE CONT TML CO LTD,NANSHA,NANS,,2004-05-31,,,,,"22.64389, 113.68111",
CNRZH,RIZHAO PORT,RIZHAO PORT,XXXXX,,2004-05-31,,,,,,
CNSHA,"Shanghai East Container Terminals Co., Ltd",SHANGHAI EAST CONTAINER TERMINAL,SECT,,2015-03-17,,,Hapag-Lloyd AG,michael.schroeder@hlag.com,,
CNSHA,Shanghai Mingdong Container Terminals,Shanghai Mingdong Cntr TML LTD,SMCT,,2015-03-20,,,Hapag-Lloyd AG,michael.schroeder@hlag.com,,
CNSHA,Shanghai Guadong International Container Terminal,Shanghai Guadong Int'l Container Terminal,SGICT,,2004-05-31,,,,,"30.61333, 122.07500",
CNSHA,Shanghai International Port Co. Ltd. Zhendong Container Terminal Branch,WAIGAOQIAO2,WAIG,,2004-05-31,,,,,"31.37500, 121.57933",
CNSHA,"Shanghai Pudong Internat. Container Terminals Co.Ltd.,",Shanghai Pudong Internat. Container Terminals,SPICT,,2015-03-17,,,Hapag-Lloyd AG,michael.schroeder@hlag.com,,
CNSHA,"Shanghai Shengdong International Container Terminal Co., Ltd",Shanghai Shengdong Int'l Container Terminal,SHENG,,2004-05-31,,,,,"30.63250, 122.04767",
CNSHK,Harbour Development Co. Ltd,"Mawan Haixing, Shenzhen Haixing",SCMWH,,2015-02-19,,,Hapag-Lloyd AG,michael.schroeder@hlag.com,,
CNSHK,Shekou Terminal,Shekou Terminal,SCTXX,,2004-05-31,,,,,,
CNSWA,Shantou International Container Terminals Ltd.,Shantou International Container,SICT,,2015-06-24,,,Hapag-Lloyd AG,michael.schroeder@hlag.com,,
CNTAC,Suzhou Modern Terminals Ltd.,Taicang Inter Cntr,TIC,,2015-06-24,,,Hapag-Lloyd AG,michael.schroeder@hlag.com,,
CNTAO,Qingdao Qianwan Container Terminal,Qingdao Qianwan Container Terminal,QQCTX,,2004-05-31,,,,,,
CNTAO,"""Qingdao Qianwan United Container Terminal CO., LTD."""" """,Qingdao Qianwan United Container Terminal,QQCTU,,2015-02-13,,,QQCTU,zhao.baosheng@qqctu.cc,,
CNTAO,"Qingdao Qianwan United Advance Container Terminal Co., LTD. ",Qingdao Qianwan United Advance Container Terminal,QQCTUA,,2015-02-13,,,QQCTU,zhao.baosheng@qqctu.cc,,
CNTXG,TIANJIN ALLIANCE INTL CONT TML,TIANJIN ALLIANCE INTL CONT TML,TACT1,,2004-05-31,,,,,,
CNTXG,TIANJIN FIVE CONTINENTS INT'L CONTAINER TERMINAL,TIANJIN FIVE CONTINENTS INTL CNTR TMNL,FICT1,,2004-05-31,,,,,"38.98111, 117.78306",
CNTXG,TIANJIN ORIENT CONTAINER TERMINAL,TIANJIN ORIENT CONTAINER TERMINAL,ECTS1,,2004-05-31,,,,,,
CNTXG,TIANJIN PORT CONTAINER TERMINAL,TIANJIN PORT CONTAINER TERMINAL,THCC1,,2004-05-31,,,,,,
CNTXG,TIANJIN PORT EUROASIA INTL CONT TML,TIANJIN PORT EUROASIA INTL CONT TML,TECT1,,2004-05-31,,,,,,
CNTXG,TIANJIN PORT PACIFIC INTERNATIONALCONTAINER TERMINAL,TIANJIN PORT PACIFIC INT'L CONTAINER TERMINAL,TPCT1,,2004-05-31,,,,,"38.99972, 117.79139",
CNTXG,TIANJIN PORT TERMINAL,TIANJIN PORT TERMINAL,PTAED,,2004-05-31,,,,,,
CNWEI,WEIHAI PORT,WEIHAI PORT,1,,2004-05-31,,,,,,
CNXMN,XIAMEN INTERNATIONAL CONTAINER TERMINAL LTD,XIAMEN INTERNATIONAL CONTAINER TERMINAL,XICT,,2004-05-31,,,,,"24.44778, 118.01083",
CNXMN,"XIAMEN INTERNATIONAL PORT CO., LTD",HAIRUN TERMINALS,XRCT,,2015-05-03,,,Hapag-Lloyd AG,michael.schroeder@hlag.com,,
CNXMN,XIAMEN HAITIAN CONTAINER TERMINAL LTD,XIAMEN HAITIAN CONTAINER TERMINAL,XHCT,,2004-05-31,,,,,"24.51000, 118.07861",
CNXMN,XIAMEN NEW WORLD XIANGYU TERMINALS CO LTD,XIANGYU TERMINAL,XGYU,,2004-05-31,,,,,"24.52389, 118.08333",
CNXMN,XIAMEN OCEAN GATE CONTAINER TERMINAL CO LTD,XIAMEN OCEAN GATE TERMINAL,XOGT,,2004-05-31,,,,,"24.45500, 117.97167",
CNXMN,"XIAMEN SONGYU CONTAINER TERMINAL CO.,LTD. ",XIAMEN SONGYU,XSCT,,2015-05-08,,,Hapag-Lloyd AG,michael.schroeder@hlag.com,,
CNYAN,DP WORLD YANTAI TERMINAL,DP WORLD YANTAI TERMINAL,HQXXX,,2004-05-31,,,,,,
CNYAN,YANTAI PORT,YANTAI PORT,JZXXX,,2004-05-31,,,,,,
CNYAN,YANTAI RISING DRAGON INTL CONT TML,YANTAI RISING DRAGON INTL CONT TML,DLXXX,,2004-05-31,,,,,,
CNYIK,YINGKOU PORT NO.13 TERMINAL,YINGKOU PORT NO.13 TERMINAL,13XXX,,2004-05-31,,,,,,
CNYIK,YINGKOU PORT NO.51 TERMINAL,YINGKOU PORT NO.51 TERMINAL,51XXX,,2004-05-31,,,,,,
CNYTN,SHENZHEN YANTIAN PORT HOLDING CO. LTD,YANTIAN WEST CONTAINER TERMINAL,YICTW,,2015-05-08,,,Hapag-Lloyd AG,michael.schroeder@hlag.com,,
CNYTN,YANTIAN INTERNATIONAL CONTAINERTERMINAL,YANTIAN INTERNATIONAL CONTAINER TERMINAL,YICT,,2004-05-31,,,,,"22.57278, 114.26889",
COBAQ,BARRANQUILLA CONTAINER TERMINAL (BCT),BARRANQUILLA CONTAINER TERMINAL (BCT),BCT,,2014-09-02,,2014-09-02,HSDG,ulf.patzer@hamburgsud.com,"10.98083, -74.76111",
CUMAR,TERMINAL DE CONTENEDORES DE MARIEL,TERMINAL DE CONTENEDORES DE MARIEL,TCM,,2014-09-02,,2014-09-02,HSDG,ulf.patzer@hamburgsud.com,"23.00694, -82.76250",
CYLMS,LIMASSOL PORT,WEST CONTAINER TERMINAL,LMSWC,,2014-09-02,,2014-09-02,HSDG,ulf.patzer@hamburgsud.com,"34.64972, 33.01556",
CYLMS,LIMASSOL PORT,EAST CONTAINER TERMINAL,LMSEC,,2014-09-02,,2014-09-02,HSDG,ulf.patzer@hamburgsud.com,"34.65444, 33.02222",
COBAQ,SOCIEDAD PORTURIA REGIONAL DE BARRANQUILLA,SOCIEDAD PORTURIA REGIONAL DE BARRANQUILLA,SPRBQ,,2004-05-31,,,,,"10.96833, -74.75917",
COBUN,TERMINAL MARITIMO SOCIEDAD PORTUARIA REGIONAL DE BUENAVENTURA S.A.,TERMINAL MARITIMO SOCIEDAD PORTUARIA REGIONAL,SPRBU,,2004-05-31,,,,,"3.89333, -77.07250",
COBUN,TERMINAL DE CONTENEDORES DE BUENAVENTURA S.A.,TCBUEN S.A.,TCBUN,,2004-05-31,,,,,"3.89250, -77.04333",
COCTG,SPRC - SOCIEDAD PORTUARIAREGIONAL DE CARTAGENA,SOCIEDAD PORTUARIA DE CARTAGENA (SPRC),SPRC,,2004-05-31,,,,,"10.40583, -75.53417",
COCTG,TERMINAL DE CONTENEDORES DE CARTAGEN CONTECAR,TERMINAL DE CONTENEDORES DE CONTECAR S.A.,TCC,,2004-05-31,,,,,"10.37633, -75.51000",
COSMR,SANTA MARTA INTERNATIONAL TERMINAL COMPANY S.A. - SMITCO,SANTA MARTA INTERNATIONAL TERMINAL,SMIT,,2004-05-31,,,,,"11.25083, -74.21533",
COTRB,Turbo Port,TURBO PORT - OPEN ROADSTEAD,TURBO,,2014-11-06,,,HSDG,ulf.patzer@hamburgsud.com,"8.08778, -76.73417",
CRCAL,SOCIEDAD PORTUARIA DE CALDERA S.A.,SOCIEDAD PORTUARIA DE CALDERA S.A.,SPCAD,,2004-05-31,,,,,"9.91167, -84.71983",
CRLIO,JAPDEVA (Junta de Administracion Portuaria y Desarollo Economico de la Vertiente del Atlantico),JAPDEVA (Junta de Administracion Portuaria),JAPDE,,2004-05-31,,,,,"9.99017, -83.02200",
CRMOB,JAPDEVA Terminal de Moin,Terminal de Moin,TMOIN,,2004-05-31,,,,,"10.00167, -83.07750",
CUHAV,Terminal de Contenedores de la Habana (TCH),Terminal de Contenedores de la Habana,HABA,,2004-05-31,,,,,"23.11833, -82.34367",
CWWIL,Curacao Port Services Inc.,Curacao Port Services,CPS,,2004-05-31,,,,,"12.11433, -68.91483",
DEBRV,BLG,BRV-BLG,BLG,,2005-02-23,,2005-02-23,Finnlines,,,
DEBRV,EUROGATE,EUROGATE Container Terminal Bremerhaven,EGB,,2004-11-16,,2004-11-16,EUROGATE,,,
DEBRV,EUROGATE Container Term. Bremerhaven,MSC GATE Bremerhaven,MSCBH,,2004-05-31,,,,,"53.57389, 8.54028",
DEBRV,NTB,BRV-NTB,NTB,,2005-02-23,,2005-02-23,Finnlines,,,
DEHAM,Buss,SCHUPPEN 81,81,,2005-02-23,,2005-02-23,Finnlines,,,
DEHAM,HHLA,HHLA Altenwerder,CTA,,2004-05-17,,2004-05-17,HHLA,,,
DEHAM,HHLA,HHLA Burchardkai,CTB,,2004-05-17,,2004-05-17,HHLA,,,
DEHAM,EUROGATE,EUROGATE Container Terminal Hamburg,EGH,,2004-11-16,,2004-11-16,EUROGATE,jasmin.droenner@eurogate.eu,"53.52806, 9.92833",www.eurogate.eu
DEHAM,LZU,LZU Leercontainerzentrum Unikai GmbH Buchheisterstrasse - 20457,LZU,,2007-01-16,,2007-01-16,LZU,,,
DEHAM,C. Steinweg,Am Kamerunkai 5 Sud-West Terminal,SWT,,2004-06-25,,2004-06-25,Steinweg,,,
DEHAM,HHLA,HHLA Tollerort,CTT,,2004-05-17,,2004-05-17,HHLA,,,
DEHAM,Unikai,Unikai - UCT,UCT,,2005-02-23,,2005-02-23,Finnlines,,,
DEWVN,EUROGATE,EUROGATE Container Terminal Wilhelmshaven,EGW,,2015-01-20,,,EUROGATE,jasmin.droenner@eurogate.eu,,
DKAAR,APM Terminals,"APM Terminals Aarhus Osthavnsvej 43,  DK-8100",APMT,,2006-08-23,,23/08/2006,APM terminals,,,
DKAAR,Cargo Service Container Terminal,Cargo Service Container Terminal,DKCSC,,2007-02-09,,2007-02-09,Arhus Stevedore Kompagni,,,
DKAAR,Container Terminal North,Container Terminal North,DKCTN,,2006-08-24,,2006-08-24,Arhus Stevedore Kompagni,,,
DKCPH,Container Terminal DK,Container Terminal DK,CMPDK,,2006-05-22,,2006-05-22,CM Port,,,
DKFRC,Frederica Container Terminal,Frederica CT,FCT,,2008-01-16,,2008-01-16,Unifeeder,ldj@unifeeder.com,,
DOCAU,DP WORLD,DP WORLD TERMINALS,DPCAU,,2004-05-31,,,,,"18.42333, -69.63050",
DOHAI,HAINA INTERNATIONAL TERMINALS,HAINA INTERNATIONAL TERMINALS,HIT,,2004-05-31,,,,,"18.42500, -70.01750",
DZALG,ENTREPRISE PORTUAIRE D'ALGER - EPAL,ENTREPRISE PORTUAIRE D'ALGER - EPAL,EPAL,,2004-05-31,,,,,"36.76000, 3.07000",
DZORN,ENTREPRISE PORTUAIRE D'ORAN - EPO,ENTREPRISE PORTUAIRE D'ORAN - EPO,EPO,,2004-05-31,,,,,"35.71139, -0.64028",
ECGYE,TERMINAL BANAPUERTO,TERMINAL BANAPUERTO,BANA,,2004-05-31,,,,,"-2.25317, -79.92700",
ECGYE,CONTECON GUAYAQUIL S.A,CONTECON GUAYAQUIL,CONTE,,2004-05-31,,,,,"-2.28333, -79.90167",
ECGYE,TERMINAL PORTUARIO DE GUAYAQUIL,TPG - TERMINAL PORTUARIO GUAYAQUIL (INARPI),TPG,,2004-05-31,,,,,"-2.24617, -79.92917",
EEMUG,Transiidikeskuse AS,TK Muuga Container Terminal,TKM,,2015-04-07,,,Oy Hapag-Lloyd Finland Ab,marko.pitkaekoski@hlag.com,,
EGALY,ALEXANDRIA INTERNATIONAL CONT.TERM.,AICT DEKHEILA,ALEXAN,,2015-06-20,,,Hapag-Lloyd AG,michael.schroeder@hlag.com,,
EGALY,ALEXANDRIA CONTAINER & CARGOHANDLING - ACHC,ALEXANDRIA ACHC (OLD PORT),ACHC,,2004-05-31,,,,,"31.18833, 29.87417",
EGALY,ALEXANDRIA INTERNATIONAL CONTAINERTERMINALS COMPANY S.A.E. - AICT,ALEXANDRIA INTERNATIONAL CONTAINER TERMINALS,AICT,,2004-05-31,,,,,"31.16917, 29.86111",
EGALY,DEKHEILA CONTAINER TERMINAL,DEKHEILA CONTAINER TERMINAL,DEKHEI,,2015-06-20,,,Hapag-Lloyd AG,michael.schroeder@hlag.com,,
EGDAM,DAMIETTA CONTAINER & HANDLING - DCHC,DAMIETTA CONTAINER & HANDLING - DCHC,DCHC,,2014-07-22,,2014-07-22,HSDG,ulf.patzer@hamburgsud.com,"31.45000, 31.75000",
EGPSD,HOLDING CO. FOR LAND & MARINE TRANSPORT,PORT SAID CONTR & CARGO HANDLING (PSCCHC),PSCCH,,2004-05-31,,,,,"31.24444, 32.30167",
EGPSD,SUEZ CANAL CONTAINER TERMINAL - SCCT,SUEZ CANAL CONTAINER TERMINAL - SCCT,SCCT,,2004-05-31,,,,,"31.21167, 32.35694",
ESACE,Terminal Portuaria de Lanzarote S.L.,Terminal Portuaria de Lanzarote S.L.,LMM,,2005-08-18,,2005-08-18,Paukner Lanzarote S.L.,,,
ESALG,APM Terminals,Algeciras,APM,,2004-05-17,,2004-05-17,Liscont,,,
ESALG,Hanjin Algeciras,Hanjin Algeciras,TTI,,2014-10-22,,2014-10-22,Manuel Perez  (XVELA),,,
ESBCN,"Terminal Port Nou, S.A",Muelle de Costa,PNOU3,,2015-06-12,,,Hapag-Lloyd AG,michael.schroeder@hlag.com,,
ESBCN,TCB Terminal,TCB Terminal,TCB,,2004-05-17,,2004-05-17,Liscont,,,
ESBCN,Terminal Catalunya S.A.,TERCAT BCN,TERCA,,2004-05-31,,,,,"41.34083, 2.14972",
ESBIO,Abra Terminales Maritimas SA,Abra Terminales Maritimas SA,ATMSA,,2005-09-09,,2005-09-09,Abra Terminales Maritimas,,,
ESBIO,NOATUM Container Terminal Bilbao (ex ABRA),NOATUM Bilbao (EX ABRA),NOATB,,2004-05-31,,,,,"43.34278, -3.04583",
ESBIO,TMB Terminal,TMB Terminal,TMB,,2004-05-17,,2004-05-17,Liscont,,,
ESBIO,Berge Maritima Bilbao,BERGE (EX MARITIMA CANDINA),BMB,,2015-11-04,,,F. Lockling 04.11.15,http://www.berge-m.es/ports.html,,
ESCAD,CONCASA SA,CONCASA SA,TCD,,2005-07-21,,2005-07-21,CONCASA,,,
ESCAR,Terminal Marítima de Cartagena,Terminal Marítima de Cartagena,TMC,,2005-08-18,,2005-08-18,Erhardt Mediterraneo,,,
ESCEU,Dique de Poniente,Dique de Poniente,CETRU,,2005-08-18,,2005-08-18,J. Trujillo Zafra S.L.,,,
ESGIJ,Terminal de Contenedores de Gijon A.I.E.,Terminal Gijon,TEGIJ,,2004-05-31,,,,,"43.55500, -5.68944",
ESLCG,Terminales Rias Altas,Terminales Rias Altas,TRS,,2006-07-11,,2006-07-11,OPDR,,,
ESLCG,T.M.G.A. (TERMINALES MARITIMOS DE GALICIA),T.M.G.A. (TERMINALES MARITIMOS DE GALICIA),TMGA,,2015-11-01,,,,www.tmga.es,,
ESLPA,"La Luz, S.A.Terminal de Contenedores","La Luz, S.A.",LALUZ,,2004-05-31,,,,,"28.14250, -15.41194",
ESLPA,Lineas Maritimas Canarias SA,Lineas Maritimas Canarias SA,LMC,,2005-08-18,,2005-08-18,LMC,,,
ESMLN,Muelle Nordeste II 52006 Melilla  Nordeste II,Melilla  Nordeste II,EPN,,2005-10-07,,2005-10-07,OPDR,,,
ESMPG,PEREZ TORRES MARITIMA S.L.,MARIN PORT TERMINAL,MPT,,2015-11-01,,,,,,http://www.pereztorresmaritima.com/#/puertos_puerto_marin
ESSCT,Compañía Auxiliar del Puerto,Compañía Auxiliar del Puerto,CAPSA,,2005-08-22,,2005-08-22,Compañía Auxiliar del Puerto,,,
ESSCT,Terminal de Contenedores de Tenerife SA,TCT,ESTCT,,2013-04-11,,2013-04-11,TCT,d.sanchez@tctenerife.es,,
ESTAR,"DP WORLD Tarragona, S.A.",DP WORLD Tarragona,DPWTA,,2004-05-31,,,,,"41.09528, 1.21028",
ESTAR,"FRUPORT, S.A. TERMINALES FRIGORIFICA",FRUPORT S.A.,FRUPO,,2004-05-31,,,,,"41.10583, 1.23972",
ESVGO,TERMAVI Terminales Maritimos De Vigo S.L.,Vigo,TMI,,2005-10-07,,2005-10-07,OPDR,,,
ESVLC,Mediterranean Shipping Company Terminal Valencia S.A.,MSC VLC,MSCVC,,2004-05-31,,,,,"39.43972, -0.32167",
ESVLC,NOATUM Ports Valenciana S.A.,"Maritima Valenciana, S.A.",NOATV,,2004-05-31,,,,,"39.43250, -0.32389",
ESVLC,TCV,TCV,TCV,,2004-05-17,,2004-05-17,Liscont,,,
FIHEL,"Steveco Oy, Satamakaari 35c, 00980 Helsinki",Vuosaari Cont.Terminal,FIVCT,,2008-10-27,,2008-10-27,Steveco Oy,,,
FIHEL,"Finnsteve Oy Ab Saukonkuja 5, 00180, Helsinki ",North Harbour,FSHN,,2006-03-13,,2006-03-13,Finnsteve Oy,,,
FIHEL,Finnsteve Oy Ab,South Harbour,FSHS,,2006-03-13,,2006-03-13,Finnsteve Oy,,,
FIHEL,Finnsteve Oy Ab,Vuosaari Port,FSHVU,,2006-03-13,,2006-03-13,Finnsteve Oy,,,
FIHEL,Finnsteve Oy Ab,Western Harbour,FSHW,,2006-03-13,,2006-03-13,Finnsteve Oy,,,
FIHEL,Multi-Link Terminals Ltd.,Multi-Link Terminal Helsinki,MLTHEL,,2015-03-17,,,Oy Hapag-Lloyd Finland Ab,marko.pitkaekoski@hlag.com,,
FIHMN,Steveco Oy PL 44 - 48101,Hamina,FIHMN,,2006-02-27,,2006-02-27,Steveco Oy,,,
FIKTK,Finnsteve Oy Ab,"Mussalo Port, B-Quay",FSKM,,2006-03-13,,2006-03-13,Finnsteve Oy,,,
FIKTK,Multi-Link Terminals Ltd.,Multi-Link Terminal Kotka,MLTKTK,,2015-03-17,,,Oy Hapag-Lloyd Finland Ab,marko.pitkaekoski@hlag.com,,
FIKTK,Steveco Oy PL 44 - 48101,Hietanen,FIHIE,,2006-02-27,,2006-02-27,Steveco Oy,,,
FIKTK,Steveco Oy PL 44 - 48101,Kotka Container Terminal,FIKCT,,2006-02-27,,2006-02-27,Steveco Oy,,,
FIMTL,"Hacklin, Mantyuoto-Pori",Hacklin,FHCL,,2009-02-20,,2006-02-27,Unifeeder A/S,,,
FIRAU,Rauma Port,Rauma Port,REU,,2015-10-09,,,Hapag-Lloyd AG,michael.schroeder@hlag.com,,
FITKU,Finnsteve Oy Ab,Pansio Harbour,FSTP,,2006-03-13,,2006-03-13,Finnsteve Oy,,,
FITKU,Finnsteve Oy Ab,Western Harbour,FSTW,,2006-03-13,,2006-03-13,Finnsteve Oy,,,
FJSUV,Fiji Port Corporation Limited,Port of Suva,POSU,,2014-02-06,,,HSDG,,"-18.13250, 178.42500",
FRDKK,NORD FRANCE TERMINAL INTERNL O.U. (NFTI),NORD FRANCE TERMINAL INTERNATIONAL (NFTI),NFTI,,2004-05-31,,,,,"51.01444, 2.18361",
FRFOS,EUROFOS,EUROFOS,EURFO,,2004-05-31,,,,,"43.40667, 4.85028",
FRFOS,SEAYARD,SEAYARD,SEYA,,2004-05-31,,,,,"43.41972, 4.83000",
FRLEH,Generale du Manutention Portuaire Port of Le Havre,Quai Des Ameriques,AMQ,,2005-10-07,,2005-10-07,OPDR,,,
FRLEH,Generale du Manutention Portuaire Port of Le Havre,Terminal de l`Atlantique,ATQ,,2005-10-07,,2005-10-07,OPDR,,,
FRLEH,Generale du Manutention Portuaire Port of Le Havre,Terminal de l`Europe,EUP,,2005-10-07,,2005-10-07,OPDR,,,
FRLEH,COMPAGNIE NOUVELLE DE MANUTENTIONSPORTUAIRES,CNMP QUAI DE L'ATLANTIQUE,QATL,,2004-05-31,,,,,"49.47361, 0.15361",
FRLEH,Generale du Manutention Portuaire Port of Le Havre,Terminal de l`Asie,TDA,,2005-10-07,,2005-10-07,OPDR,,,
FRLEH,Generale du Manutention Portuaire Port of Le Havre,Terminal de France / quai du havre,TDF,,2006-06-08,,2006-06-08,OPDR,,,
FRLEH,Terminaux de Normandie,Terminal TNMSC,TMS,,2012-04-02,,2012-04-02,Terminaux de Normandie,Dflaman@tnint.com,,
FRLEH,Terminaux de Normandie,Terminal de Normandie,TN,,2006-10-27,,2006-10-27,Terminaux de Normandie,,,
FRLEH,Terminaux de Normandie,Terminal de L'Ocean,TO,,2006-10-27,,2006-10-27,Terminaux de Normandie,,,
FRLEH,Terminaux de Normandie,Terminal Porte Océane,TPO,,2006-10-27,,2006-10-27,Terminaux de Normandie,,,
GBBEL,Belfast Container Terminal,Belfast Container Terminal,BCT,,2015-09-21,,,Hapag-Lloyd AG,michael.schroeder@hlag.com,,
GBBEL,Belfast Port,Victoria 3 terminal,VIC3,,2015-05-22,,,Hapag-Lloyd AG,michael.schroeder@hlag.com,,
GBFXT,P&O Ferries,P&O Ferries,1RR,,2004-05-31,,,,,,
GBFXT,P&O Ferries,P&O Ferries,2RR,,2004-05-31,,,,,,
GBFXT,P&O Ferries,RO Ro,3RR,,2004-05-31,,,,,,
GBFXT,P&O Ferries,RO Ro,4RR,,2004-05-31,,,,,,
GBFXT,Port of Felixstowe,Dooley Terminal,DLY,,2004-05-31,,,,,,
GBFXT,Port of Felixstowe,Landguard Terminal,LNG,,2004-05-31,,,,,,
GBFXT,Port of Felixstowe,Trinity Terminal,TTY,,2004-05-31,,,,,,
GBGRG,Grangemouth Terminal,Grangemouth Terminal,GBGR,,2004-05-31,,,,,,
GBHUL,Hull Container Terminal,Queen Elizabeth Dock,HCT,,2006-07-10,,2006-07-10,OPDR,,,
GBLGP,DP World,London Gateway,DPWLG,,2014-02-06,,2014-02-06,HSDG,,"51.50722, 0.48333",
GBLIV,Coastal Container Terminal Ltd,Coastal Container Liverpool,COAST,,2015-05-22,,,Hapag-Lloyd AG,michael.schroeder@hlag.com,,
GBLIV,Mersey Dock & Harbour Company Ltd.,Royal Seaforth Container Terminal,RSCT,,2015-05-22,,,Hapag-Lloyd AG,michael.schroeder@hlag.com,,
GBLIV,Liverpool Terminal,Liverpool Terminal,GBLIV,,2004-05-31,,,,,,
GBRCS,Hutchison Port Holdings (HPH),London Thamesport Container Terminal,LTP,,2004-05-31,,,,,"51.43278, 0.68639",
GBSOU,DP World,DP World Southampton,DPWS,,2015-05-22,,,Hapag-Lloyd AG,michael.schroeder@hlag.com,,
GBSOU,Southampton Container Terminals Ltd,Southampton Container Terminal,SCT,,2005-09-19,,2005-09-19,P&O Ports,,,
GBTIL,London Container Terminal Ltd.,London Container Terminal,LCT,,2015-09-21,,,Hapag-Lloyd AG,michael.schroeder@hlag.com,,
GBTIL,Tilbury Container Services Ltd,Tilbury Container services,TCS,,2005-09-19,,2005-09-19,P&O Ports,,,
GHTEM,Meridian Port Services Ltd,Meridian Port Services Ltd,MPS,,2015-09-22,,,Hapag-Lloyd AG,michael.schroeder@hlag.com,,
GHTEM,Tema Main Harbour,Tema Main Harbour,GPHA,,2015-09-22,,,Hapag-Lloyd AG,michael.schroeder@hlag.com,,
GIGIB,M.H. Blands Stevedoring Co./ Ltd,"North Mole, Berth 6, Gibraltar",GIBNM,,2004-05-31,,,,,,
GRPIR,Piraeus Container Terminal SA,Piraeus Container Terminal SA,GRPCT,,2015-03-11,,,PIRAEUS CONTAINER TERMINAL SA,Michael.Kotras@pct.com.gr,"37.96000, 23.58583",www.pct.com.gr
GRPIR,Piraeus Port Authority SA,Piraeus Port Authority SA,PPA,,2004-05-31,,,,,"37.95472, 23.58944",
GRSKG,Port Authority Thessaloniki,Port Authority Thessaloniki,THPASA,,2015-09-21,,,Hapag-Lloyd AG,michael.schroeder@hlag.com,,
GTPBR,TERMINAL FERROVIARIA PUERTO BARRIOS,TERMINAL FERROVIARIA PUERTO BARRIOS,TFPB,,2015-02-11,,,HSDG,ulf.patzer@hamburgsud.com,"15.73333, -88.60000",
GTPRQ,EMPRESA PORTUARIA QUETZAL,EMPRESA PORTUARIA QUETZAL,EPQEZ,,2004-05-31,,,,,"13.92550, -90.78617",
GTSTC,EMPRESA PORTURIA NACIONAL,EMPRESA PORTUARIA NACIONAL TERMINAL,EPSTC,,2004-05-31,,,,,"15.69633, -88.61600",
HKHKG,Asia Container Terminals Ltd.,Asia Container Terminals HK,ACTHK,,2010-10-22,,2010-10-22,Hapag-Lloyd AG,michael.schroeder@hlag.com,,
HKHKG,China Merchants Container Services LTD.,China Merchants Container,CMC,,2015-06-24,,,Hapag-Lloyd AG,michael.schroeder@hlag.com,,
HKHKG,Chu Kong Godown Wharf  Transportation Co. Ltd.,Chu Kong Godown,CKGW,,2015-09-21,,,Hapag-Lloyd AG,michael.schroeder@hlag.com,,
HKHKG,COSCO-HIT Terminals (Hong Kong) Ltd.,COSCO-HIT,CHTHK,,2010-10-22,,2010-10-22,Hapag-Lloyd AG,michael.schroeder@hlag.com,,
HKHKG,DP World Asia,DP World Hong Kong,DPWHK,,2010-10-22,,2010-10-22,Hapag-Lloyd AG,michael.schroeder@hlag.com,,
HKHKG,Hongkong International Terminals Limited,Hong Kong Int'l Terminals,HITHK,,2010-10-22,,2010-10-22,Hapag-Lloyd AG,michael.schroeder@hlag.com,,
HKHKG,Modern Terminals Limited,"MTL, Hong Kong",MTLHK,,2010-10-22,,2010-10-22,Hapag-Lloyd AG,michael.schroeder@hlag.com,,
HKHKG,WEALTH FAIR CONTAINER SERVICE LTD,WEALTH FAIR CONTAINER,WFC,,2015-06-24,,,Hapag-Lloyd AG,michael.schroeder@hlag.com,,
HNPCR,Agencia Naviera Europea S.A. -ANAVE,Empresa Nacional Portuaria,ENPCR,,2004-05-31,,,,,"15.84300, -87.94583",
HRRJK,Luka Rijeka,Jadranska Vrata Container Terminal,RJKPOR,,2015-09-21,,,Hapag-Lloyd AG,michael.schroeder@hlag.com,,
IDBTM,PT Pelabuhan Indonesia,Perum Pelabuhani,AMPAR,,2015-03-10,,,Hapag-Lloyd AG,michael.schroeder@hlag.com,,
IDJKT,CONVENTIONAL TPK,TANJUNG PRIOK PORT,KADE,,2015-06-12,,,Hapag-Lloyd AG,michael.schroeder@hlag.com,,
IDJKT,PT MUSTIKA ALAM LESTARI,T300,T300,,2015-06-12,,,Hapag-Lloyd AG,michael.schroeder@hlag.com,,
IDJKT,TERMINAL PETIKEMAS PALARAN,UNIT PETI KEMAS I,UTC1,,2015-06-12,,,Hapag-Lloyd AG,michael.schroeder@hlag.com,,
IDJKT,TERMINAL PETIKEMAS PALARAN,UNIT PETI KEMAS III,UTC3,,2015-06-12,,,Hapag-Lloyd AG,michael.schroeder@hlag.com,,
IDSUB,PT Berlian Jasa Terminal Indonesia,PT Berlian Jasa Terminal Indonesia,BJTI,,2015-05-03,,,Hapag-Lloyd AG,michael.schroeder@hlag.com,,
IDSUB,PT Terminal Petikemas Surabaya,Terminal Petikemas Surabaya,TPS,,2005-09-19,,2005-09-19,P&O Ports,,,
IEDUB,Marine Terminals LTD,Marine Terminals LTD,MTL,,2015-06-12,,,Hapag-Lloyd AG,michael.schroeder@hlag.com,,
IEDUB,Dublin Ferry Port,Dublin Ferry Port Terminal,DFP,,2015-06-12,,,Hapag-Lloyd AG,michael.schroeder@hlag.com,,
IEDUB,Dublin Port,Portroe Terminal,PORTRO,,2015-06-12,,,Hapag-Lloyd AG,michael.schroeder@hlag.com,,
IEDUB,P&O European Ferries,P&O European Ferries Terminal,POEURO,,2015-06-12,,,Hapag-Lloyd AG,michael.schroeder@hlag.com,,
IEORK,Port of Cork,Tivoli Terminal,TIVO,,2015-06-12,,,Hapag-Lloyd AG,michael.schroeder@hlag.com,,
ILASH,Ashdod Port CO. LTD.,Ashdod Port CO. LTD.,APCL,,2004-05-31,,,,,"31.83444, 34.64778",
ILHFA,Haifa Port CO. LTD.,Haifa Port CO. LTD.,HPCL,,2004-05-31,,,,,"32.81722, 35.01056",
INCCU,CALCUTTA PORT TRUST,CALCUTA TERMINAL,CALCUT,,2015-06-12,,,Hapag-Lloyd AG,michael.schroeder@hlag.com,,
INCOK,INDIA GATEWAY TERMINAL PVT LTD,ICTT VALLARPADAM,ICCT,,2015-03-25,,,Hapag-Lloyd AG,michael.schroeder@hlag.com,,
INIXE,New Mangalore Port Trust,New Mangalore Port,NMPT,,2015-06-24,,,Hapag-Lloyd AG,michael.schroeder@hlag.com,,
INMAA,CCTL(Chennai Container Terminal),CCTL(Chennai Container Terminal),CITPL,,2015-06-20,,,Hapag-Lloyd AG,michael.schroeder@hlag.com,,
INMAA,Chennai Container Terminal Private Ltd,Chennai Container Terminal,CCTL,,2005-09-19,,2005-09-19,P&O Ports,,,
INMUN,ADANI INTERNATIONAL CONTAINER TERMINAL PRIVATE LIMITED,ADANI CONTAINER TERMINAL,AICTPL,,2015-06-12,,,Hapag-Lloyd AG,michael.schroeder@hlag.com,,
INMUN,Mundra International Container Terminal Ltd,Mundra International Container Terminal,MICT,,2005-09-19,,2005-09-19,P&O Ports,,,
INMUN,MUNDRA PORT & SPECIAL ECONOMIC ZONE,MUNDRA PORT,MPSEZ,,2015-06-12,,,Hapag-Lloyd AG,michael.schroeder@hlag.com,,
INNSA,Jawaharlal Nehru Port Trust (JNP),Jawaharlal Nehru Port Container Terminal (JNPCT),JNPCT,2015-09-21,2014-10-27,,,HSDG,ulf.patzer@hamburgsud.com,"18.94528, 72.94000",
INNSA,Nhava Sheva Intl. Cont. Term.,Nhava Sheva,INNHV,,2002-11-07,,2002-11-07,EUROGATE Container Terminal Bremerhaven GmbH,,, www.eurogate.de
INNSA,GATEWAY INDIA TERMINALS PVT. LIMITED,GATEWAY TERMINALS INDIA PVT. LIMITED (GTI),NSICT,,2004-05-31,,,,,"18.94889, 72.94167",
INPAV,GUJARAT PIPAVAV PORT LIMITED,GUJARAT PIPAVAV PORT LIMITED,GPPL,,2004-05-31,,,,,"20.91944, 71.51056",
INTUT,DAKSHIN BHARAT GATEWAY TERMINAL PRIVATE LIMITED,DAKSHIN BHARAT,DBGT,,2015-06-12,,,Hapag-Lloyd AG,michael.schroeder@hlag.com,,
INTUT,PSA SICAL TERMINAL LTD.,PSA SICAL TERMINAL,PSASIC,,2015-06-12,,,Hapag-Lloyd AG,michael.schroeder@hlag.com,,
ITAOI,Adriatic Container Terminal Ancona,Adriatic Container Terminal (Pier No.23 – New Dock),ACT,,2016-04-07,,,Stefano Sabatini,sabatst@coscon.it,,http://www.actml.it/it/act-home/
ITAOI,ADRIATIC SERVICES ENTERPRISE SRL,"ASE,ANCONA",ASE,,2015-06-12,,,Hapag-Lloyd AG,michael.schroeder@hlag.com,,
ITCAG,CICT Cagliari International Container Terminal S.p.A.,CICT Cagliari International Container Terminal,CICT,2016-04-07,2004-05-31,,,,,"39.21389, 9.07306",http://www.contshipitalia.com/en/about-us
ITGIT,MCT Medcenter Container Terminal S.p.A. ,MCT Medcenter Container Terminal,MCT,2016-04-07,2001-06-26,,2001-06-26,North Sea Terminal BRV,,"38.45972, 15.91056",http://www.contshipitalia.com/en/about-us
ITGOA,Genoa Port Terminal,Genoa Port Terminal,GPT,,2014-10-22,,2014-10-22,Hapag-Lloyd AG,michael.schroeder@hlag.com,,http://www.genoaterminal.com/gpt/home.jsf
ITGOA,MESSINA TERMINAL MARITTIMO,MESSINA TERMINAL MARITTIMO,MESSIN,,2015-06-12,,,Hapag-Lloyd AG,michael.schroeder@hlag.com,,
ITGOA,South European Container Hub,Sech Terminal,SECH,,2001-06-26,,2001-06-26,,,,
ITGOA,TERMINAL SAN GIORGIO,TERMINAL SAN GIORGIO - PONTE LIBIA,TSG,,2014-10-27,,,HSDG,ulf.patzer@hamburgsud.com,"44.40639, 8.88639",
ITGOA,PSA Voltri Terminal,Voltri Terminal Europa - Porto di Prá,VTE,2016-04-07,2001-06-26,,2001-06-26,,,,http://www.vte.it/en/home
ITLIV,Compagnia Impresa Lavoratori Portuali S.R.L.,Impresa Container Terminal,IMP,2016-04-13,2015-06-24,,,Hapag-Lloyd AG,michael.schroeder@hlag.com,,
ITLIV,LORENZINI & C. S.R.L.,LORENZINI & C. S.R.L.,LOREN,,2004-05-31,,,,,"43.57361, 10.30722",http://www.lorenziniterminal.it/
ITLIV,TERMINAL DARSENA TOSCANA - TDT,TERMINAL DARSENA TOSCANA - TDT,TDT,,2004-05-31,,,,,"43.57361, 10.30389",
ITLIV,Compagnia Impresa Lavoratori Portuali S.R.L.,CILP SRL Terminal Alto Fondale                               ,TAFLIV,2016-04-13,2015-11-03,,,C. Vivaldi (03.11.15),,,http://www.cilplivorno.it/en/terminal/porto_commerciale.php
ITNAP,Co.Na.Te.Co. S.p.A.,Terminal Conateco,CONA,,2016-04-07,,,Stefano Sabatini,sabatst@coscon.it,"40.83972, 14.28583",http://www.conateco.it/
ITNAP,TERMINAL FLAVIO GIOIA S.P.A.,TERM.FLAVIO GIOIA,TERMIN,,2015-06-12,,,Hapag-Lloyd AG,michael.schroeder@hlag.com,,http://www.flaviogioia.it/
ITRVE,Terminal Container Ravenna,Terminal Container Ravenna,TCR,,2016-04-07,,,Stefano Sabatini,sabatst@coscon.it,"44.44889, 12.24806 ",http://www.contshipitalia.com/en/about-us
ITSAL,Salerno Container Terminal,Salerno Container Terminal,SCT,,2001-06-26,,2001-06-26,,,,
ITSPE,La Spezia Container Terminal,LSCT,LSCT,,2001-06-26,,2001-06-26,,,,
ITSPE,Terminal del Golfo,Terminal del Golfo,TDG,,2016-04-07,,,Stefano Sabatini,sabatst@coscon.it,"44.10556, 9.85444",http://www.terminaldelgolfo.com/
ITSVN,Reefer Terminal Spa,Reefer Terminal,VADO,,2002-10-04,,2002-10-04,Reefer Terminal,,,
ITTRS,Trieste Marine Terminal,TMT,TMT,,2016-04-07,,,Stefano Sabatini,sabatst@coscon.it,"45.63083, 13.76083",http://www.trieste-marine-terminal.com/index.php
ITVCE,TERMINAL INTERMODALE VENEZIA,TERMINAL INTERMODALE VENEZIA,TIV,,2015-06-12,,,Hapag-Lloyd AG,michael.schroeder@hlag.com,,http://tiv.it/
ITVCE,VECON - CONTAINER TERMINAL,VECON - CONTAINER TERMINAL,VECON,,2015-06-12,,,Hapag-Lloyd AG,michael.schroeder@hlag.com,,http://www.vecon.it/
ITVDL,REEFER TERMINAL S.P.A,REEFER TERMINAL S.P.A,REEF,,2004-05-31,,,,,"44.25667, 8.45444",
JOAQJ,AQABA CONTAINER TERMINAL,AQABA CONTAINER TERMINAL,ACT,,2015-06-12,,,Hapag-Lloyd AG,michael.schroeder@hlag.com,,
JMKIN,PORT AUTHORITY OF JAMAICA,KINGSTON CONTAINER TERMINAL,KCT,,2004-05-31,,,,,"17.01635, -76.83417",
JPAXT,GAIKO -13M NO.1 Berth,GAIKO -13M NO.1 Berth,CG20C,,2001-06-26,,2001-06-26,,,,
JPAXT,OOHAMA -10M,OOHAMA -10M,CO10M,,2015-10-26,,2001-06-26,,,,
JPCHB,CHIBA CHUOFUTO NO.G,CHIBA CHUOFUTO NO.G,CHUGC,,2001-06-26,,2001-06-26,,,,
JPFKY,MINOOKI GANPEKI No.8,MINOOKI GANPEKI No.8,FB20C,,2001-06-26,,2001-06-26,,,,
JPHBI,"MOJI KOUN KAISHA, LTD",HIBIKI CONTAINER TERMINAL,HIBIK,,2004-05-31,,,,,"33.93389, 130.76472",
JPHHE,HATTAROU?J,HATTAROU?J,HT01C,,2001-06-26,,2001-06-26,,,,
JPHIC,KITAFUTOU B GANPEKI,KITAFUTOU B GANPEKI,HN02C,,2001-06-26,,2001-06-26,,,,
JPHIJ,KAITA,KAITA,KAIC,,2015-10-26,,2001-06-26,SMDG,jasmin.droenner@eurogate.eu,,
JPHIJ,UJINA GAIBOU No.5,UJINA GAIBOU No.5,UG05C,,2001-06-26,,2001-06-26,,,,
JPHIM,Nakajima No.4 Berth,Nakajima No.4 Berth,CS14C,,2001-06-26,,2001-06-26,,,,
JPHKT,"Hakata Port Terminal Co.,LTD.",Island City Container Terminal,HIC,,2015-04-05,,,Hapag-Lloyd AG,,,
JPHKT,"Hakata Port Terminal Co.,LTD.",Kashii Park Container Terminal,KSI,,2015-04-05,,,Hapag-Lloyd AG,,,
JPHMD,FUKUIFUTO,FUKUIFUTO NO.3-4 GANPEKI,HAFKF,,2015-10-26,,,SMDG,jasmin.droenner@eurogate.eu,,
JPHSM,KOUGYOUKOU,KOUGYOUKOU NO.1-17 GANPEKI,KGYK,,2015-10-26,,,SMDG,jasmin.droenner@eurogate.eu,,
JPHTC,DAI4FUTO C/D,DAI4FUTO C/D,HTDAI,,2015-10-26,,,SMDG,jasmin.droenner@eurogate.eu,,
JPHTD,HAKOZAKI WHARF NO5 BERTH,HAKOZAKI WHARF NO5 BERTH,KB05C,,2001-06-26,,2001-06-26,,,,
JPHTD,KASHII PARK PORT NO4 BERTH,KASHII PARK PORT NO4 BERTH,PB04C,,2001-06-26,,2001-06-26,,,,
JPHTD,KASHII PARK PORT NO5 BERTH,KASHII PARK PORT NO5 BERTH,PB05C,,2001-06-26,,2001-06-26,,,,
JPIMB,Tomita No.1/2 Berth,Tomita No.1/2 Berth,TOM,,2015-10-26,,,SMDG,jasmin.droenner@eurogate.eu,,
JPIMI,NANATSUJIMA KITA 1,NANATSUJIMA KITA 1,NS05C,,2001-06-26,,2001-06-26,,,,
JPISW,BANNAGURO,BANNAGURO?No.?-5,BNG,,2015-10-26,,,SMDG,jasmin.droenner@eurogate.eu,,
JPIWK,Shinminato South Berth,Shinminato South Berth,SI10C,,2001-06-26,,2001-06-26,,,,
JPKCZ,Misato Pier No.7-1Berth,Misato Pier No.7-1Berth,MG01C,,2001-06-26,,2001-06-26,,,,
JPKCZ,Misato Pier No.7-2Berth,Misato Pier No.7-2Berth,MG02C,,2001-06-26,,2001-06-26,,,,
JPKIJ,West Pier,West Pier,EWC,,2015-10-26,,,SMDG,jasmin.droenner@eurogate.eu,,
JPKKJ,HIAGARIHIGASHI NO.1-7,HIAGARIHIGASHI NO. 1-7,KHC,,2015-10-26,,,SMDG,jasmin.droenner@eurogate.eu,,
JPKKJ,TANOURA,TANOURA NO.1-8 GANPEKI,TNC,,2015-10-26,,,SMDG,jasmin.droenner@eurogate.eu,,
JPKKJ,TACHINOURA,TACHINOURA NO.1-42 GAN,TUC,,2015-10-26,,,SMDG,jasmin.droenner@eurogate.eu,,
JPKMJ,HYAKKAN,No.5Berth,HK08C,2015-10-26,2001-06-26,,2001-06-26,,,,
JPKNZ,GOKUDEN GANPEKI,GOKUDEN GANPEKI,GG01C,,2001-06-26,,2001-06-26,,,,
JPKNZ,TOMIZU GANPEKI,TOMIZU GANPEKI,TG01C,,2001-06-26,,2001-06-26,,,,
JPKOM,Okinosusototiku?-7.5?Berth,Okinosusototiku?-7.5?Berth,OK08C,,2001-06-26,,2001-06-26,,,,
JPKSM,MINAMIKOUKYOU H,MINAMIKOUKYOU H,MK08C,,2001-06-26,,2001-06-26,,,,
JPKWS,Kawasaki Container (No.1 Wharf),Kawasaki Container (No.1 Wharf),KHC1C,,2001-06-26,,2001-06-26,,,,
JPMAI,DAINIFUTO No.2,DAINIFUTO No.2,KB09C,,2001-06-26,,2001-06-26,,,,
JPMIZ,Tamashima Foreign Trade Whorf No.1 Berth,Tamashima Foreign Trade Whorf No.1 Berth,TE01C,,2001-06-26,,2001-06-26,,,,
JPMIZ,Tamashima Harbor Iland No.4 Berth,Tamashima Harbor Iland No.4 Berth,TH04C,,2001-06-26,,2001-06-26,,,,
JPMKW,ZINNOFUTO No.7,ZINNOFUTO No.7,TJ07C,,2001-06-26,,2001-06-26,,,,
JPMKX,MURAMATU,MURAMATU 7A/7B/8,MKC,,2015-10-27,,,,,,
JPMNX,Nakanoseki,Nakanoseki,NKS,,2015-10-27,,2001-06-26,,,,
JPMOJ,"Hibiki Container Terminal Co.,Ltd.",Hibikinada Container Terminal,HBK,,2015-04-05,,,Hapag-Lloyd AG,,,
JPMOJ,"Kanmon Container Terminal Co.,Ltd.",Tachinoura Container Terminal,TAC,,2015-04-05,,,Hapag-Lloyd AG,,,
JPMSI,KOGAKUEA-12MGANPEKI,KOGAKUEA-12MGANPEKI,KY14C,,2001-06-26,,2001-06-26,,,,
JPMUR,SAKIMORI NO.6,SAKIMORI NO.1-7,SAC,,2015-10-27,,,SMDG,jasmin.droenner@eurogate.eu,,
JPMYJ,GAIKOU DAINIFUTO,GAIKOU DAINIFUTO NO. 2/3,MBC,,2015-10-27,,,SMDG,jasmin.droenner@eurogate.eu,,
JPNAH,Shinkoh?Pier,Shinkoh?Pier,SFC,,2015-10-27,,,SMDG,jasmin.droenner@eurogate.eu,,
JPNAO,East Pier No.4Berth,East Pier No.4Berth,EP04C,,2001-06-26,,2001-06-26,,,,
JPNGO,"Nagoya Container Berth Company, Ltd.",Nagoya Container Berth,NCB,,2015-04-05,,,Hapag-Lloyd AG,,,
JPNGO,"Tobishima Container Berth Company, Ltd.",Tobishima Futo South-side Container Terminal,TCB,,2015-04-05,,,Hapag-Lloyd AG,,,
JPNGO,"Nagoya United Container Terminal Company, Ltd. ",Nabeta Futo Container Terminal,NCT,,2015-04-05,,,Hapag-Lloyd AG,,,
JPNGO,Kinjo Pier Container Terminal,Kinjo Pier Container Terminal,KJC,,2015-10-27,,,SMDG,jasmin.droenner@eurogate.eu,,
JPNGO,Nagoya Port Terminal Corporation,Tobishima Futo North Cont. Terminal,TNT,,2015-04-05,,,Hapag-Lloyd AG,,,
JPNGO,Nagoya Port Terminal Corporation,Tobishima Futo South Cont. Terminal,TST,,2015-04-05,,,Hapag-Lloyd AG,,,
JPOIT,OZAI No.19/20 GANPEKI,OZAI No.19/20 GANPEKI,OZC,,2015-10-27,,,SMDG,jasmin.droenner@eurogate.eu,,
JPONA,Ohtsurugi  Wharf  NO.4 Berth,Ohtsurugi  Wharf  NO.4 Berth,OU04C,,2001-06-26,,2001-06-26,,,,
JPOSA,"Hanjin Shipping Co.,Ltd.",Sakashima Container Terminal C-1,OC1,,2015-08-19,,,,,,
JPOSA,"Mitsui O.S.K. Lines, Ltd. ",Sakashima Container Terminal C-2,OC2,,2015-08-19,,,,,,
JPOSA,"Tatsumi Shokai Co.,Ltd.",Sakashima Container Terminal C-3/4,OC34,,2015-08-19,,,,,,
JPOSA,"Kawasaki Kisen Kaisha Ltd. Kamigumi Co.,Ltd.",Sakashima Container Terminal C-8,OC8,,2015-08-19,,,,,,
JPOSA,"Mitsubishi Logistics Co.,Ltd Mitsui Warehouse Terminal Service Co.,Ltd.",Sakashima Container Terminal C-9,OC9,,2015-08-19,,,,,,
JPOSA,DICT,Yumeshima Container Terminal C-10,OC10,,2015-08-19,,,,,,
JPOSA,Evergreen Line Joint Service Agreement,Yumeshima Container Terminal C-11,OC11,,2015-08-19,,,,,,
JPOSA,DICT,Yumeshima Container Terminal C-12,OC12,,2015-08-19,,,,,,
JPSAK,Showa South No.2 Berth,Showa South No.2 Berth,GS02C,,2001-06-26,,2001-06-26,,,,
JPSAK,Showa South,Showa South,GS03A,,2001-06-26,,2001-06-26,,,,
JPSAK,Showa South No.3 Berth,Showa South No.3 Berth,GS03C,,2001-06-26,,2001-06-26,,,,
JPSAK,Sakai Port Quarantine,Sakai Port Quarantine,IQ01A,,2001-06-26,,2001-06-26,,,,
JPSBK,Sukematsu,Sukematsu No.8,SKM,,2015-10-27,,2001-06-26,SMDG,jasmin.droenner@eurogate.eu,,
JPSBS,Gaikohchiku D Ganpeki,Gaikohchiku D Ganpeki,GG06C,,2001-06-26,,2001-06-26,,,,
JPSGM,Takasago Pier No.1Berth,Takasago Pier No.1Berth,SC01C,,2001-06-26,,2001-06-26,,,,
JPSKT,Takasagofuto No.2,Takasagofuto No.2,TS02C,,2001-06-26,,2001-06-26,,,,
JPSMT,Nishihama No.5 Berth,Nishihama No.5 Berth,WM32C,,2001-06-26,,2001-06-26,,,,
JPSMZ,"Suzuyo & Co.,Ltd.",Shin Okitsu Container Terminal,OKT,,2015-04-05,,,,,,
JPSMZ,"Suzuyo & Co.,Ltd.",Sodeshi Container Terminal,SDE,,2015-04-05,,,,,,
JPTKY,Harumi,Harumi,HAR,,2015-10-27,,,SMDG,jasmin.droenner@eurogate.eu,,
JPTMK,Higashi Wharf No.3,Higashi Wharf No.3,EH03C,,2001-06-26,,2001-06-26,,,,
JPTMK,Irifune Wharf,Irifune Wharf,IH01C,,2001-06-26,,2001-06-26,,,,
JPTRG,Kawasakimatsuei B Berth,Kawasakimatsuei B Berth,TK02C,,2001-06-26,,2001-06-26,,,,
JPTRG,Kawasakimatsuei C Berth,Kawasakimatsuei C Berth,TK22C,,2001-06-26,,2001-06-26,,,,
JPTTJ,Cendai No.3 Berth,Cendai No.3 Berth,SG17C,,2001-06-26,,2001-06-26,,,,
JPTTJ,Cendai No.1 Berth,Cendai No.1 Berth,SG21C,,2001-06-26,,2001-06-26,,,,
JPTYO,"Daiichi Transportation & Terminal Co.,Ltd. Sumitomo Warehouse Isewan Terminal Service Co.,Ltd. Nippon Express Sankyu Inc.",Aomi Container Terminal Berth No.0 / 1 / 2  (A0/A1/A2),AOO,,2015-05-11,,,Hapag-Lloyd AG,,,
JPTYO,"Hanjin Shipping Co.,Ltd. (Nippon Express / Mitsui Soko)",Aomi Container Terminal Berth No.3 (A3),AOH,,2015-05-11,,,Hapag-Lloyd AG,,,
JPTYO,Evergreen Marine (Suzue Corp.),Aomi Container Terminal Berth No.4 A4),AOE,,2015-05-11,,,Hapag-Lloyd AG,,,
JPTYO,"Kawasaki Kisen Kaisha,Ltd.",Ohi Container Terminal Berth No.1 / 2,OHK,,2015-05-11,,,Hapag-Lloyd AG,,,
JPTYO,"Mitsui O.S.K. Lines, Ltd. (UTOC / TICT)",Ohi Container Terminal Berth No.3 / 4,OHM,,2015-05-11,,,Hapag-Lloyd AG,,,
JPTYO,Wan Hai Lines.Ltd. (Azuma Shipping Co. Ltd.),Ohi Container Terminal Berth No.5,OHA,,2015-05-11,,,Hapag-Lloyd AG,,,
JPTYO,Nippon Yusen Kaisha Ltd. / Unix Corp.,Ohi Container Terminal  Berth No.6 /  7,OHN,,2015-05-11,,,Hapag-Lloyd AG,,,
JPTYO,Daiichi/Sumitomo/Nippon Express/Sankyu/Azuma Shipping,Shinagawa Container Terminal,SHG,,2015-05-08,,,Hapag-Lloyd AG,,,
JPUBJ,Shibanaka No.1 Berth,Shibanaka No.1 Berth,SF01C,,2001-06-26,,2001-06-26,,,,
JPUBJ,Shibanaka West Berth,Shibanaka West Berth,SF04C,,2001-06-26,,2001-06-26,,,,
JPUKB,Kobe Container Terminal PC-18 / Kamigumi,Kobe Container Terminal PC-18 / Kamigumi,KCT,,2004-05-31,,,,,"34.66667, 135.23472",
JPUKB,APL /  Sumitomo Warehouse,Port Island PC-13,PC13,,2015-06-20,,,Hapag-Lloyd AG,,,
JPUKB,Nissin Corporation,Port Island PC-14,PC14,,2015-06-20,,,Hapag-Lloyd AG,,,
JPUKB,"Sumitomo Warehouse Sankyu Inc. Nickel & Lyons, Ltd.",Port Island PC-15,PC15,,2015-06-20,,,Hapag-Lloyd AG,,,
JPUKB,"Mitsui O.S.K. Lines,Ltd/Sankyu/Sumitomo Warehouse/ Nickel & Lyons,Ltd.",Port Island PC-16/17,PC16,,2015-06-20,,,SMDG,jasmin.droenner@eurogate.eu,,
JPUKB,"Kawasaki Kisen Kaisha Ltd./APM Terminals Japan Co.,Ltd. Kamigumi Co.,Ltd.",Rokko Island RC-4,RC4,,2015-06-30,,,Hapag-Lloyd AG,,,
JPUKB,"Kawasaki Kisen Kaisha Ltd./APM Terminals Japan Co.,Ltd. Kamigumi Co.,Ltd.",Rokko Island RC-5,RC5,,2015-06-30,,,Hapag-Lloyd AG,,,
JPUKB,Nippon Yusen Kabushiki Kaisha,Rokko Island RC-6/7,RC6,,2015-06-30,,,SMDG,jasmin.droenner@eurogate.eu,,
JPUKB,Kawasaki Kisen Kaisha Ltd /APM Terminals Japan,Rokko Island C-3,RC3,,2015-06-30,,,Hapag-Lloyd AG,,,
JPWKJ,Suehiro Pier East,Suehiro Pier East,SE01C,2015-10-27,2001-06-26,,2001-06-26,,,,
JPYKK,Japan Transcity Corporation,Kasumigaura South Pier Wharfs No.26,KSS,,2015-06-16,,,Hapag-Lloyd AG,,,
JPYKK,Japan Transcity Corporation,Kasumigaura North Pier Wharfs No.80,KSN,,2015-06-16,,,Hapag-Lloyd AG,,,
JPYOK,"Nippon Express/Kamigumi Co.,Ltd",Daikoku Container Terminal,DC3,,2015-06-20,,,Hapag-Lloyd AG,,,
JPYOK,Nippon Yusen Kabushiki Kaisha,Daikoku Container Terminal,DC4,,2015-06-20,,,Hapag-Lloyd AG,,,
JPYOK,"Mitsui Soko Co.,Ltd/Sumitoto warehouse",Daikoku Container Terminal,T9,,2015-06-20,,,Hapag-Lloyd AG,,,
JPYOK,"Kawasaki Kisen Kaisha, Ltd. ",Honmoku A Container Terminal A  5.6,HA5,,2015-06-30,,,Hapag-Lloyd AG,,,
JPYOK,"Kawasaki Kisen Kaisha, Ltd. / Nissin Corporation /Keihin Koun Co.Ltd.",Honmoku A Container Terminal A 6.7,HA6,,2015-06-30,,,Hapag-Lloyd AG,,,
JPYOK,"Yokohama Port Megaterminal Co.,Ltd.",Honmoku B-C Container Terminal,HBC,,2015-06-30,,,Hapag-Lloyd AG,,,
JPYOK,"Yokohama Port Megaterminal Co.,Ltd.",Honmoku D Container Terminal 1,HD1,,2015-06-30,,,Hapag-Lloyd AG,,,
JPYOK,"American President Lines,Ltd.",Honmoku D Container Terminal 4,HD4,,2015-06-30,,,Hapag-Lloyd AG,,,
JPYOK,"Mitsui O.S.K. Lines, Ltd. ",Honmoku D Container Terminal 5,HD5,,2015-06-30,,,Hapag-Lloyd AG,,,
JPYOK,"Mitsubishi Logistics Co.,Ltd",Minami-Honmoku Container terminal,MHM,,2015-06-20,,,Hapag-Lloyd AG,,,
KHKOS,SIHANOUKVILLE PORT AUTHORITY,SIHANOUKVILLE PORT,SPA,,2015-06-24,,,Hapag-Lloyd AG,michael.schroeder@hlag.com,,
KRKAN,KOREA INTERNATIONAL TERMINAL,KOREA INTERNATIONAL CONTAINER TMNL.,KIT,,2015-05-03,,,Hapag-Lloyd AG,michael.schroeder@hlag.com,,
KRPUS,"BNCT CO.,LTD",BNCT,BNCT,,2015-03-06,,,Hapag-Lloyd AG,michael.schroeder@hlag.com,,
KRPUS,BUSAN CONVENTIONAL,BUSAN PIER 3/4,BPC,,2015-03-25,,,Hapag-Lloyd AG,michael.schroeder@hlag.com,,
KRPUS,"BUSAN INT'L TERMINAL CO.,LTD",BIT,BIT,,2015-03-25,,,Hapag-Lloyd AG,michael.schroeder@hlag.com,,
KRPUS,DONGBU PUSAN CONTAINER TERMINAL CO LTD,DONGBU PUSAN CONTAINER TERMINAL,DPCT,,2004-05-31,,,,,"35.10556, 129.07417",
KRPUS,HANJIN NEW PORT CO. LTD.,TERMINAL (HJNC),HJNC,,2015-03-06,,,Hapag-Lloyd AG,michael.schroeder@hlag.com,,
KRPUS,HUTCHISON BUSAN CONTAINER TERMINAL,HBCT,HBCT,,2015-03-25,,,Hapag-Lloyd AG,,,
KRPUS,HYUNDAI PUSAN NEW-PORT TERMINAL,HPNT,HPNT,,2015-03-06,,,Hapag-Lloyd AG,michael.schroeder@hlag.com,,
KRPUS,KOREA BUSAN CONTAINER TERMINAL,KOREA BUSAN CONTAINER TERMINAL,KBCT,,2004-05-31,,,,,"35.10556, 129.09500",
KRPUS,PUSAN NEWPORT INTERNATIONAL TERMINAL,PUSAN NEWPORT INTERNATIONAL TERMINAL,PNP,,2004-05-31,,,,,"35.07889, 128.82528",
KRPUS,PUSAN NEWPORT CONTAINER TERMINAL,PUSAN NEWPORT CO.,PNC,,2004-05-31,,,,,"35.07889, 128.82306",
LBBEY,BEIRUT CONTAINER TERMINAL CONSORTIUMSAL - BCTC,BEIRUT CONTAINER TERMINAL CONSORTIUM SAL,BCTC,,2004-05-31,,,,,"33.90889, 35.53417",
LKCMB,Colombo International Container Terminals Ltd.,Colombo International,CICT,,2015-06-20,,,Hapag-Lloyd AG,michael.schroeder@hlag.com,,
LKCMB,Jaya Container Terminal,Jaya Container Terminal,LKJCT,,2005-09-19,,2005-09-19,,,,
LKCMB,S/Asia Gateway Terminal,S/Asia Gateway Terminal,LKSGT,,2005-09-19,,2005-09-19,,,,
LKCMB,Unity Container Terminal,Unity Container Terminal,LKUCT,,2005-09-19,,2005-09-19,,,,
LKCMB,South Asia Gateway Terminal,South Asia Gateway Terminal,SAGT,,2005-09-19,,2005-09-19,P&O Ports,,,
LTKLJ,KLA-BULK,KLA-BULK,KLAB,2014-10-20,2005-02-23,,2005-02-23,Finnlines,,,
LTKLJ,KLA-KLASCO,KLA-KLASCO,KLAK,,2005-02-23,,2005-02-23,Finnlines,,,
LTKLJ,KLA-TERMINALAS,KLA-TERMINALAS,KLAT,,2005-02-23,,2005-02-23,Finnlines,,,
LTKLJ,Klaipedos Konteineriu Terminalas,Klaipedos Konteineriu Terminalas,KKT,,2014-11-10,,,Eurogate,jasmin.droenner@eurogate.eu,,
LTKLJ,Klaipedos Smelte,Klaipedos Smelte,KAS,,2014-11-10,,,Eurogate,jasmin.droenner@eurogate.eu,,
LVRIX,Baltic Container Terminal,Baltic Container Terminal,BCT,,2007-11-10,,2007-11-10,Unifeeder,,,
LVRIX,Riga Central Terminal,Riga Central Terminal,RCT,,,,2008-01-16,Unifeeder,ldj@unifeeder.com,,
LVRIX,Riga Universal Terminal,Riga Universal Terminal,RUT,,2014-11-12,,,Eurogate,jasmin.droenner@eurogate.eu,,
MACAS,Port Casablanca,Terminal Est (new terminal),EST,,2005-10-07,,2005-10-07,OPDR,,,
MACAS,Port de Casablanca,Terminal West (old port),OLP,,2005-10-07,,2005-10-07,OPDR,,,
MACAS,SOCIETE D'EXPLOITATION DES PORTS,SODEP,SODEP,,2015-06-12,,,Hapag-Lloyd AG,michael.schroeder@hlag.com,,
MACAS,SOMAPORT,SOMAPORT,SOMAP,,2015-06-12,,,Hapag-Lloyd AG,michael.schroeder@hlag.com,,
MAPTM,EUROGATE Tanger S.A,EUROGATE Tanger S.A,EURTN,,2004-05-31,,,,,"35.89417, -5.48917",
MATNG,Tanger Port,Molle De Commerce Container Terminal,PDC,,2005-10-07,,2005-10-07,OPDR,,,
MTMAR,MALTA FREEPORT TERMINALS LTD.,MALTA FREEPORT TERMINALS LTD,FREE,,2004-05-31,,,,,"35.82000, 14.54278",
MXATM,ALTAMIRA TERMINAL PORTUARIA SA DE CV,ALTAMIRA TERMINAL PORTUARIA,ATP,,2004-05-31,,,,,"22.47700, -97.88500",
MXATM,INFRAESTRUCTURA PORTUARIA MEXICANA S.A. DE C.V,INFRAESTRUCTURA PORTUARIA MEXICANA S.A. DE C.,IPM,,2004-05-31,,,,,"22.47383, -97.88417",
MXESE,ADMINISTRACION PORTUARIA INTEGRAL DEENSENADA SA DE CV,ENSENADA INTL TERMINAL SA DE CV,EIT,,2004-05-31,,,,,"31.85167, -116.62917",
MXLZC,"LAZARO CARDENAS TERMINAL PORTUARIADE CONTENEDORES, SA DE CV",LAZARO CARDENAS TERMINAL PORTUARIA,LCT,,2004-05-31,,,,,"17.95333, -102.17167",
MXPGO,TERMINAL DE CONTENEDORES DE YUCATAN SA DE CV,ADMINISTR. PORTUARIA INTEGRAL DE PROGRESO,TCY,,2004-05-31,,,,,"21.34611, -89.67722",
MXVER,INTERNACIONAL DE CONTENEDORESASOCIADOS DE VERACRUZ,INTERNACIONAL DE CONTEN. ASSOC. DE VER,ICAVE,,2004-05-31,,,,,"19.21217, -96.13417",
MXZLO,"CONTECON MANZANILLO, S.A DE C.V",CONTECON MANZANILLO,CMSA,,2016-05-13,,,"CONTECON MANZANILLO, S.A DE C.V",rcox@contecon.mx,"19.08480, -104.30240",http://www.contecon.mx
MXZLO,SSA MEXICO HOLDINGS SA DE CV,SSA MEXICO HOLDINGS,SSAMX,,2004-05-31,,,,,"19.07233, -104.29083",
MXZLO,TERMINAL INT DE MANZANILLO SA DE CV TIMSA,TERMINAL INTL DE MANZANILLO (TIMSA),TIMSA,,2004-05-31,,,,,"19.06033, -104.29300",
MYPEN,PENANG PORT SDN. BHD. Penang,Penang Port Sdn. Bhd. Penang,PENP,,2014-07-10,,2014-07-10,HSDG,ulf.patzer@hamburgsud.com,"5.42167, 100.36722",
MYPKG,KELANG MULTI TERMINAL (KMT),WESTPORT KELANG MULTI TERMINAL (KMT),KMT,,2004-05-31,,,,,"3.03611, 101.35917",
MYPKG,NORTH PORT MALAYSIA,NORTH PORT MALAYSIA,NPM,,2004-05-31,,,,,"3.03717, 101.35717",
MYPGU,JOHOR PORT BERHAD,JOHOR PORT BERHAD,JPB,,2015-06-12,,,Hapag-Lloyd AG,michael.schroeder@hlag.com,,
MYTPP,PORT OF TANJUNG PELEPAS,PORT OF TANJUNG PELEPAS,PTP,,2004-05-31,,,,,"1.36250, 103.54583",
MZMPM,Mozambique International Port Services,MIPS,MIPS,,2005-09-19,,2005-09-19,P&O Ports,,,
NAWVB,Walvis Bay Ocean Terminal,Walvis Bay Ocean Terminal,WVB,,2015-09-22,,,Hapag-Lloyd AG,michael.schroeder@hlag.com,,
NGAPP,APM Terminals Apapa Ltd.,APM Terminals Apapa Ltd.,APMTER,,2015-10-09,,,Hapag-Lloyd AG,michael.schroeder@hlag.com,,
NGTIN,Five Star (Tin Can Island),Five Star (Tin Can Island),FIVEST,,2015-09-22,,,Hapag-Lloyd AG,michael.schroeder@hlag.com,,
NGTIN,Tincan Island Terminal,Tincan Island Terminal,TICT,,2015-09-22,,,Hapag-Lloyd AG,michael.schroeder@hlag.com,,
NICIO,Empresa Portuaria Nacional,Port of Corinto,EPN,,2004-05-31,,,,,"12.48250, -87.16778",
NLAMS,Amsterdam Container Terminals BV,"Harbour # 7991, Ruigoordweg",ACT,,2009-03-20,,2009-03-20,ACT Amsterdam,svanwijlen@acthph.nl,,
NLRTM,APM,APM Terminal Maasvlakte 1,APM,,2014-08-05,,2014-08-05,PORTBASE,h.rook@portbase.com,,
NLRTM,APM-II,APM Terminal Maasvlakte 2,NLMVII,,2014-08-26,,2014-08-26,APM,Ike.Van.Der.Lubben@apmterminals.com,,
NLRTM,Van Doorn Depot,Van Doorn Depot Rotterdam,DRN,,2014-10-14,,2014-10-14,PORTBASE,h.rook@portbase.com,,
NLRTM,Kramer Terminal,Rotterdam Container Terminal RCT Maasvlakte,KRM,,2014-08-05,,2014-08-05,PORTBASE,h.rook@portbase.com,,
NLRTM,Interforest Terminal Rotterdam,Interforest Terminal Rotterdam,INTER,,2014-08-05,,2014-08-05,PORTBASE,h.rook@portbase.com,,
NLRTM,RTM-HANNO,Hanno Waalhaven Terminal,HAN,,2005-02-23,,2005-02-23,Finnlines,,,
NLRTM,RST North,RST North Terminal,RSN,,2014-08-05,,2014-08-05,PORTBASE,h.rook@portbase.com,,
NLRTM,RST South,RST South Terminal,RSZ,,2014-08-05,,2014-08-05,PORTBASE,h.rook@portbase.com,,
NLRTM,RTM-SHORTSEA TERM.,Northside,MST,,2005-02-23,,2005-02-23,Finnlines,,,
NLRTM,Holland Terminals,Berth 5049,5049,,2005-08-24,,2005-08-24,PSA - HNN,,,
NLRTM,ECT Delta Terminal,DBF,DBF,,2007-10-25,,2007-10-25,ECT,robert.roestenburg@ect.nl,,
NLRTM,ECT Delta Terminal,DDE,DDE,,2007-10-25,,2007-10-25,ECT,robert.roestenburg@ect.nl,,
NLRTM,ECT Delta Terminal,DDN,DDN,,2007-10-25,,2007-10-25,ECT,robert.roestenburg@ect.nl,,
NLRTM,ECT Euromax Terminal BV,EMX,EMX,,2007-10-25,,2007-10-25,ECT,robert.roestenburg@ect.nl,,
NLRTM,Steinweg Beatrixhaven,Rotterdam Steinweg Beatrixhaven,NLSBH,,2015-11-01,,,Steinweg,info@nl.steinweg.com,,
NLRTM,ECT City Terminal BV,HCD,HCD,,2007-10-25,,2007-10-25,ECT,robert.roestenburg@ect.nl,,
NLRTM,Overbeek Container Control,Losplaats Waalhaven,LPL,,2008-11-19,,2008-11-19,RSC,ict@rscrotterdam.nl,,
NLRTM,Rail Service Center Rotterdam,Rail Service Center Rotterdam,RSC,,2008-11-19,,2008-11-19,RSC,ict@rscrotterdam.nl,,
NLRTM,Rotterdam World Gateway,Rotterdam World Gateway,RWG,,2014-08-05,,2014-08-05,PORTBASE,h.rook@portbase.com,,
NLRTM,Uniport Stevedoring Comp.,Uniport Waalhaven Terminal,UNIPORT,,2002-10-04,2016-05-13,2002-10-04,"Klaipeda Stevedoring Company, www.klasco.lt",,,
NLRTM,Uniport Multipurpose Terminals B.V.,Uniport Waalhaven Terminal,UMTR,,2016-05-13,,,Uniport,olle.antheunis@uniport.nl,,
NLRTM,RTM-SHORTSEA TERM.,Southside,RSZ,,2005-10-07,,2005-10-07,OPDR,,,
NLRTM,RTM--2740,RTM--2740,RTM2,,2005-02-23,,2005-02-23,Finnlines,,,
NLRTM,RTM-BARGE CENTER-WAALHAVEN,BARGE CENTER-WAALHAVEN,RTMB,,2005-02-23,,2005-02-23,Finnlines,,,
NLRTM,RTM-WAALHAVEN,WAALHAVEN,RTMW,,2005-02-23,,2005-02-23,Finnlines,,,
NOAES,Kuehne+Nagel AS Breivika Industrivei 63 - 6022,KN Terminal Breivika,KNAES,,2006-01-27,,2006-01-27,Kuehne+Nagel AS,,,
NOAES,Kloosterboer Terminal Norway AS,Aalesund,M423,,2006-01-18,,2006-01-18,Kloosterboer Terminal Norway AS,,,
NOAES,Tyrholm & Farstad AS,Skutvika Terminal,SKUTVI,,2015-03-25,,,Hapag-Lloyd AG,michael.schroeder@hlag.com,,
NOBGO,Greencarrier Terminal & Logistics,Greencarrier Terminal,NOBGON,,2016-05-13,,,,,,
NOFRK,Fredrikstad Container Terminal,Oerakaia,OERK,,2007-11-10,,2007-11-10,Unifeeder,,,
NOHAL,Norske Skog,Alkatel,ALKA,,2007-11-10,,2007-11-10,Unifeeder,,,
NOHAL,Norske Skog,Saugbrug,NOSK,,2007-11-10,,2007-11-10,Unifeeder,,,
NOLAR,Larvik Container Terminal AS,Revet - 3263,NOLCT,,2006-01-30,,2006-01-30,Larvik Container Terminal AS,,,
NOMSS,Moss Container Terminal AS,MOSS Container Terminal,MCT,,2009-09-28,,2009-09-28,Unifeeder,klh@unifeeder.com,"59.42722, 10.65500",
NOMSS,Schianders Shipping Moss AS,Vaeralekaia,VAER,,2007-11-10,,2007-11-10,Unifeeder,,,
NOOSL,Norsteve Filipstad,Norsteve Filipstad,NSF,,2008-01-16,,2008-01-16,Unifeeder,ldj@unifeeder.com,,
NOOSL,Yilport Oslo A/S,Ormsund Whittington,OSW,2015-03-05,2008-01-16,,2008-01-16,Unifeeder,ldj@unifeeder.com,,
NOOSL,Yilport Oslo A/S,Sjursoeya CT zone B,SCT,2015-03-05,2008-01-16,,2008-01-16,Unifeeder,ldj@unifeeder.com,,
NOSKI,Grenland Havn IKS,Harbour Terminal,HBRT,,2007-11-10,,2007-11-10,Unifeeder,,,
NOTAE,Risavika Terminal AS,Terminal Risavika,RIS,,2015-03-25,,,Hapag-Lloyd AG,michael.schroeder@hlag.com,,
NZAKL,Ports of Auckland Limited,Ports of Auckland Bledisloe Wharf,PABW,,2004-05-31,,,,,"-36.84167, 174.77250",
NZAKL,Ports of Auckland Limited,Ports of Auckland Fergusson Wharf,PAFW,,2004-05-31,,,,,"-36.84083, 174.78333",
NZAKL,Ports of Auckland Limited,Ports of Auckland General Wharf,PAGW,,2004-05-31,,,,,"-36.84250, 174.77917",
NZLYT,Lyttelton Port Company Limited,Lyttelton Port Company,LPC,,2004-05-31,,,,,"-43.60889, 172.72833",
NZNPE,Port of Napier Ltd,"Breakwater Road, Port of Napier",NPENZ,,2005-08-02,,2005-08-02,Port of Napier,,,
NZNPL,PORT TARANAKI New Plymouth,Port Taranaki New Plymouth,PTAR,,2014-07-10,,2014-07-10,HSDG,ulf.patzer@hamburgsud.com,"-39.05694, 174.03417",
NZNSN,PORT NELSON LTD. Nelson,"Port Nelson Ltd., Nelson",PNEL,,2014-07-10,,2014-07-10,HSDG,ulf.patzer@hamburgsud.com,"-41.26139, 173.27111",
NZPOE,Port Otago Limited,Port Otago,POOT,,2014-02-06,,2014-02-06,HSDG,,"-45.74667, 170.62528",
NZTIU,PRIMEPORT TIMARU LTD. Timaru,"Primeport Timaru Ltd., Timaru",PTIM,,2014-07-10,,2014-07-10,HSDG,ulf.patzer@hamburgsud.com,"-44.38972, 171.25556",
NZTRG,PORT OF TAURANGA LIMITED,MOUNT MANGANUI PORT,MMP,,2004-05-31,,,,,"-37.66250, 176.17472",
NZTRG,Tauranga Container Terminal,Sulphur Point,TRGCT,,2005-08-03,,2005-08-03,Tauranga Cont.Term.,,,
NZWLG,CENTREPORT WELLINGTON,WELLINGTON PORT,CPW,,2014-10-27,,,HSDG,ulf.patzer@hamburgsud.com,"-41.27889, 174.78944",
OMSOH,OMAN INTERNATIONAL CONTAINER TERMINAL LLC,OMAN INTERNATIONAL CONTAINER TERMINAL,OICT,,2015-06-15,,,Hapag-Lloyd AG,michael.schroeder@hlag.com,,
PABLB,PANAMA PORTS COMPANY S.A.,PANAMA PORTS COMPANY S.A.,PPCBL,,2004-05-31,,,,,"8.96000, -79.56667",
PACTB,PANAMA PORTS COMPANY PORT OF CRISTOBAL,PANAMA PORTS COMPANY,PCPPC,,2004-05-31,,,,,"9.35417, -79.90889",
PAMIT,MANZANILLO INTERNACIONAL TERMINALPANAMA S.A.,MANZANILLO INTERNACIONAL TERMINAL PANAMA S.A.,MIT,,2004-05-31,,,,,"9.36083, -79.88333",
PAROD,PSA PANAMA INTERNATIONAL TERMINAL SA,PSA PANAMA INTERNATIONAL TERMINAL S.A.,PPIT,,2004-05-31,,,,,"8.95433, -79.57567",
PECLL,APM TERMINALS CALLAO S.A.,APM TERMINALS CALLAO,APMCLL,,2015-02-23,,,Carlos Olaechea,carlos.olaechea@apmterminals.com,,
PECLL,DP WORLD CALLAO S.R.L.,DP WORLD CALLAO,DPCLL,,2004-05-31,,,,,"-12.05417, -77.14950",
PEPAI,TERMINALES PORTUARIOS EUROANDINOSPAITA S.A.,TPE - TERMINALES PORTUARIOS EUROANDINOS,TPE,,2004-05-31,,,,,"-5.08200, -81.10850",
PFPPT,Port Autonome Du Papeete,Port of Papeete,POPA,,2004-05-31,,,,,"-17.53722, -149.57611",
PHCEB,CEBU INTERNATIONAL PORT,CEBU INTERNATIONAL PORT,CIP,,2015-06-12,,,Hapag-Lloyd AG,michael.schroeder@hlag.com,,
PHMNL,Asian Terminals Ltd,South Habor Container terminal,ATI,,2005-09-19,,2005-09-19,P&O Ports,,,
PHMNL,MANILA INTERNATIONAL CONTAINER,MANILA INTERNATIONAL CONTAINER,MIC,,2015-06-12,,,Hapag-Lloyd AG,michael.schroeder@hlag.com,,
PHMNL,PORT OF MANILA,NORTH HARBOR DOMESTIC PORT,NHDP,,2015-06-12,,,Hapag-Lloyd AG,michael.schroeder@hlag.com,,
PKBQM,Qasim International Container Terminal Pakistan Ltd,QICT,QICT,,2005-09-19,,2005-09-19,P&O Ports,,,
PKKHI,KARACHI INTERNATIONAL CONTAINER TERMINAL,KARACHI INTERNATIONAL CONTAINER TERMINAL,KICT,,2004-05-31,,,,,"24.83583, 66.97528",
PKKHI,PAKISTAN INTERNATIONAL CONTAINERTERMINAL LIMITED,PAKISTAN INTERNATIONAL CONTAINER TERMINAL,PICT,,2004-05-31,,,,,"24.82556, 66.97500",
PLGDN,ul. Wladyslawa IV 5 / 80-547,Gdanski Terminal Kontenerowy,PLGDA,,2006-01-16,,2006-01-16,Gdanksi Terminal Kontenerowy,,,
PLGDY,BCT - Baltic Container Terminal Kwiatkowskiego 60 str - 81-127,Baltic Container Terminal,PLBCT,,2006-01-27,,2006-01-27,Baltic Container Terminal,,,
PLGDY,Gdynia Container Terminal S.A.,Gdynia Container Terminal S.A.,PLGCT,,2012-06-01,,2012-06-01,Gdynia Container Terminal,planowanie@gct.pl,"59.42722, 10.65500",
PLSZZ,Drobnica-Port Szczecin Ltd,Szczecin,DPSZ,,2006-01-16,,2006-01-16,Drobnica-Port Szczecin,,,
PRSJU,HORIZON LINES TERMINALS Puerto Rico,"Horizon Lines Terminals, Puerto Rico",HLSJU,,2014-07-10,2016-05-31,2014-07-10,HSDG,ulf.patzer@hamburgsud.com,"18.43500, -66.09306",
PRSJU," Luis Ayala Colon Sucrs., Inc.",Luis Ayala Colon,LACS,,2016-05-19,,,HSDG/Luis Alaya Colon SUCRS,Marc.Jordens@Hamburgsud.com ,"18.43500, -66.09305",
PTFDF,Liscont SA,Liscont SA,LISC,,2004-05-17,,2004-05-17,Liscont,,,
PTFNC,Admin dos Portos da Regiao Auton da Madeira SA,Madeira,APRAM,,2004-05-17,,2004-05-17,Liscont,,,
PTFNC,Carnical Harbour - South Pier,Carnical Harbour - South Pier,CSP,,2005-10-17,,2005-10-17,OPDR,,,
PTLEI,Terminal de Contentores de Leixoes SA,Terminal de Contentores de Leixoes SA,TCLA,,2009-12-08,,2009-12-08,TCL Leixoes,urbanogomes@tcl-leixoes.pt,,
PTLIS,Liscont SA,Liscont SA,LISC,,2004-05-17,,2004-05-17,Liscont,,,
PTLIS,Operlis,Operlis,OLIS,,2004-05-17,,2004-05-17,Liscont,,,
PTLIS,Sotagus SA,Sotagus SA,SOTA,,2004-05-17,,2004-05-17,Liscont,,,
PTLIS,TMB,TMB,TMB,,2004-05-17,,2004-05-17,Liscont,,,
PTPXO,Admin dos Portos da Regiao Auton da Madeira SA,Madeira,APRAM,,2004-05-17,,2004-05-17,Liscont,,,
PTSET,Administracao dos Portos de Setubal e Sesimbra,Portos de Setubal e Sesimbra,APSS,,2004-05-17,,2004-05-17,Liscont,,,
PTSET,Sadoport - Terminal Maritimo do Sado S.A.,Terminal Multiusos do Setubal,SADOP,,2010-11-23,,2010-11-23,Sadoport,fantunes@sadoport.pt,,
PTSIE,Sines Container Terminal,Sines Container Terminal,SCT,,2004-05-17,,2004-05-17,Liscont,,,
QADOH,Doha Main Port,Doha Main Port,DMP,,2015-06-12,,,Hapag-Lloyd AG,michael.schroeder@hlag.com,,
ROCND,Constanta South Container Terminal,C.S.C.T.,CSCT,,2015-06-12,,,Hapag-Lloyd AG,michael.schroeder@hlag.com,,
ROCND,DP World Constanta,DP World Constanta,DPWORLDCND,,2013-11-21,2016-05-13,2013-11-21,DPW CND,,,
ROCND,DP World Constanta,DP World Constanta,DPWCND,,2016-05-13,,,SMDG,jasmin.droenner@eurogate.eu,,
ROCND,SOCEP S.A. Container Terminal,"SOCEP,COSTANTA",SOCEP,,2015-06-12,,,Hapag-Lloyd AG,michael.schroeder@hlag.com,,
RULED,Container Terminal Saint-Petersburg,"Container Terminal Saint-Petersburg, Area 4",CTSP,,2014-11-10,,,Eurogate,jasmin.droenner@eurogate.eu,,
RULED,"First Container Terminal Saint Petersburg, Russia",3rd Port District,FCT,,2003-12-03,,2003-12-03,First Cont. Terminal,,,
RULED,Kronstad Terminal,Kronstad Terminal,MOD,,2008-01-16,,2008-01-16,Unifeeder,ldj@unifeeder.com,,
RULED,"MSCC Port Bronka, RUSSIA","MSCC Port Bronka, RUSSIA, 16th Port District",BRONKA,,2015-12-29,,,"Port Bronka, Ekaterina Pasheeva,",pasheeva.ev@port-bronka.com,,
RULED,Neva Metal St. Petersburg,Neva Metal Terminal,NVM,,2015-07-01,,,"Neva Metal  Terminal, ITM Service Russia","ryabov@itmservice.ru, swsmirnow@nevametal.ru",,
RULED,Petrolesport St. Petersburg,Timber Port,PLP,,2004-10-12,,2004-10-12,Petrolesport,,,
RULED,Sea Fishing Port,Sea Fishing Port,SFP,,2014-11-10,,,Eurogate,jasmin.droenner@eurogate.eu,,
RULED,STP-BTS-RAYON 4,STP-BTS-RAYON 4,STPB,,2005-02-23,,2005-02-23,Finnlines,,,
RULED,Second Stevedore Comp STP-1st Region,STP-F,STPF,,2005-06-27,,2005-06-27,Petrolesport,,,
RULED,STP-Northern Wharf / OOO Rusmarine-Forwarding,STP-Northern Wharf,STPN,,2005-02-23,,2005-02-23,Finnlines,,,
RULED,STP- 2nd Region,STP- 2nd Region,STPS,,2005-02-23,,2005-02-23,Finnlines,,,
RUULU,Ust-Luga Container Terminal,Ust-Luga Container Terminal,ULCT,,2014-11-10,,,Eurogate,jasmin.droenner@eurogate.eu,,
RUVYP,Vostochny International Container Services,VICS,VICS,,2005-09-19,,2005-09-19,P&O Ports,,,
SADMM,International Port Services Co.LTD,Dammam Container Terminal,DCT,,2015-06-12,,,Hapag-Lloyd AG,michael.schroeder@hlag.com,,
SAJED,DP World Jeddah,South Container Terminal SCT,DPW,,2015-03-25,,,Hapag-Lloyd AG,michael.schroeder@hlag.com,,
SAJED,Gulf Container Terminal,Gulf Container Terminal Jeddah,GCT,,2015-03-25,,,Hapag-Lloyd AG,michael.schroeder@hlag.com,,
SAJED,Red Sea Gateway Terminal,Red Sea Gateway Terminal,RSGT,,2015-03-25,,,Hapag-Lloyd AG,michael.schroeder@hlag.com,,
SAJUB,Gulf Stevedoring Contracting Co. Ltd.,Jubail Commercial Port Project,GSC,,2015-09-21,,,Hapag-Lloyd AG,michael.schroeder@hlag.com,,
SEAHU,Aahus Hamn  Stuveri,Aahus Hamn  Stuveri,AHU,,2015-02-10,,,Hapag-Lloyd AG,michael.schroeder@hlag.com,,
SEGOT,APMT Gothenburg,Goeteborgs Hamn,SCANDI,,2015-06-12,,,Hapag-Lloyd AG,michael.schroeder@hlag.com,,
SEGOT,Port of Gothenburg,Car Terminal,CAR,,2004-12-14,,2004-12-14,Portgot.se,,,
SEGOT,Port of Gothenburg,Container Terminal,CT,,2004-12-14,,2004-12-14,Portgot.se,,,
SEGOT,Port of Gothenburg,RoRo Terminal,RT,,2004-12-14,,2004-12-14,Portgot.se,,,
SEGVX,Gävle Stevedoring Company,Fredriksskans Terminal,GVXFS,,2007-10-31,,2007-10-31,Gävle Stuveri AB,,,
SEGVX,Gävle Stevedoring Company,Granudden Terminal,GVXGU,,2007-10-31,,2007-10-31,Gävle Stuveri AB,,,
SEHAD,Kattegatterminalen,Kattegatterminalen,KT,,2008-01-16,,2008-01-16,Unifeeder,ldj@unifeeder.com,,
SEHEL,Helsingborgs Hamn AB,Vaesthamnen,VESTHA,,2015-06-12,,,Hapag-Lloyd AG,michael.schroeder@hlag.com,,
SEHEL,Port of Helsingborg Oceangatan 3 - S-251 08,Combiterminalen,COTE,,2006-03-09,,2006-03-09,Port of Helsingborg,,,
SEHEL,Port of Helsingborg Oceangatan 3 - S-251 08,Skaneterminalen,SKT,,2006-02-27,,2006-02-27,Port of Helsingborg,,,
SEHEL,Port of Helsingborg Oceangatan 3 - S-251 08,West Harbour,VH,,2006-02-27,,2006-02-27,Port of Helsingborg,,,
SEKPS,Port of Kapellskär,RoRo Terminal,RTK,,2006-03-09,,2006-03-09,Port of Stockholm,,,
SEMMA,Company Malmö Port,Malmo,CMPSE,,2006-05-11,,2006-05-11,CM Port,,,
SENYN,Port of Nynäshamn,RoRo Terminal,RTN,,2006-03-09,,2006-03-09,Port of Stockholm,,,
SESTO,Port of Stockholm,Container Terminal,CTS,,2006-03-09,,2006-03-09,Port of Stockholm,,,
SESTO,Port of Stockholm,Oil Terminal Loudden,OTL,,2006-03-09,,2006-03-09,Port of Stockholm,,,
SESTO,Port of Stockholm,RoRo Terminal Birka,RTB,,2006-03-09,,2006-03-09,Port of Stockholm,,,
SESTO,Port of Stockholm,RoRo Terminal Frihamnen,RTF,,2006-03-09,,2006-03-09,Port of Stockholm,,,
SESTO,Port of Stockholm,RoRo Terminal Silja,RTS,,2006-03-09,,2006-03-09,Port of Stockholm,,,
SESTO,Port of Stockholm,RoRo Terminal Viking,RTV,,2006-03-09,,2006-03-09,Port of Stockholm,,,
SGSIN,PSA Corporation Limited,Tanjong Pagar Terminal I,PSATPT,,2015-06-12,,,Hapag-Lloyd AG,michael.schroeder@hlag.com,,
SGSIN,PSA Corporation Limited,Keppel Terminal,PSAKT,,2015-06-12,,,Hapag-Lloyd AG,michael.schroeder@hlag.com,,
SGSIN,PSA Corporation Limited,Brani Terminal,PSABT,,2015-06-12,,,Hapag-Lloyd AG,michael.schroeder@hlag.com,,
SGSIN,PSA Corporation Limited,Pasir Panjang Terminal,PSAPPT,,2015-06-12,,,Hapag-Lloyd AG,michael.schroeder@hlag.com,,
SGSIN,PSA Corporation Limited,Sembawang Wharves,PSASW,,2016-03-01,,,"X-VELA, Chris Ng",chris.ng@xvela.com,,
SIKOP,Luka Koper Port,Luka Koper Port,LUKA,,2015-09-22,,,Hapag-Lloyd AG,michael.schroeder@hlag.com,,
SNDKR,Port Autonome de Dakar,Port Autonome de Dakar,DPWSN,,2015-09-22,,,Hapag-Lloyd AG,michael.schroeder@hlag.com,,
SVAQJ,COMISION EJECUTIVA PORTUARIA AUTONOM A (CEPA),PUERTO ACAJUTLA,PUACA,,2004-05-31,,,,,"13.57483, -89.83783",
SVLUN,COMISION EJECUTIVA PORTUARIA AUTONOM A (CEPA),PUERTO LA UNION,PULUN,,2004-05-31,,,,,"13.33483, -87.82017",
SYLTK,LATTAKIA INTERNATIONAL CONTAINERTERMINAL - LICT,LATTAKIA INTERNATIONAL CONTAINER TERMINAL,LICT,,2004-05-31,,,,,"35.52750, 35.76833",
SYTTS,TARTOUS INTERNATIONAL CONTAINERTERMINAL JSC - TICT,TARTOUS INTERNATIONAL CONTAINER TERMINAL,TICT,,2004-05-31,,,,,"34.90778, 35.86639",
THBKK,PORT AUTHORITY OF THAILAND,PORT AUTHORITY OF THAILAND,PAT,,2004-05-31,,,,,"13.07111, 100.89806",
THLCH,THAI LAEM CHABANG TERMINAL CO. LTD,LCH A2,LCHA2,,2004-05-31,,,,,"13.07000, 100.89083",
THLCH,LAEM CHABANG MARINE TERMINAL,LCH A0,LCHA0,,2004-05-31,,,,,"13.07111, 100.89806",
THLCH,EVERGREEN CONTAINER TERMINAL,LCH B2,LCHB2,,2004-05-31,,,,,"13.06361, 100.89444",
THLCH,"EASTERN SEA LAEM CHABANG TERMINALCO., LTD",EASTERN SEA LAEM CHABANG TERMINAL,ESCO,,2004-05-31,,,,,"13.06639, 100.89861",
THLCH,HUTCHISON LAEMCHABANG TERMINAL LIMITED,HUTCHISON TERMINAL,HLT,,2004-05-31,,,,,"13.04833, 100.89972",
THLCH,Laem Chabang International Terminal Co Ltd,Terminal B5 & C3,LCIT,,2005-09-19,,2005-09-19,P&O Ports,,,
THLCH,TIPS CO.,TIPS CONTAINER TERMINAL B4,TIPS4,,2014-11-06,,,HSDG,ulf.patzer@hamburgsud.com,"13.06278, 100.89000",
TNTUN,RADES PORT,RADES PORT,RAPO,,2004-05-31,,,,,"36.80417, 10.26528",
TRALI,AKDENIZ KIMYA SANAYII VE TIC. A.S,NEMPORT LIMANI,NEMPOR,,2015-06-12,,,Hapag-Lloyd AG,michael.schroeder@hlag.com,,
TRALI,TCE EGE KONTEYNER TERMINALISLETMELERI A.S.,TCE EGE KONTEYNER TERMINAL,TCEEG,,2004-05-31,,,,,"38.75972, 26.92972",
TREYP,EVYAPPORT LIMAN ISLETMESI A.S.,EVYAPPORT,EVYAP,,2015-11-01,,,"Evyapport, Furkan ATAR",fatar@evyapport.com,"40.77361, 29.71111",www.evyapport.com
TRGEM,BORUSAN LOJ.DAG.DEPO.TAS.VE TIC.A.S.,BORUSAN DEPOLAMA (GEMLIK),BORU,,2004-05-31,,,,,"40.41500, 29.08472",
TRGEM,GEMPORT CONTAINER TERMINAL,GEMPORT CONTAINER TERMINAL,GEMPOR,,2015-06-12,,,Hapag-Lloyd AG,michael.schroeder@hlag.com,,
TRGEM,RODA LIMAN DEPOLAMA VE LOJISTIK ISLETMELERI AS,GEMLIK-RODA PORT,RODA,,2015-06-12,,,Hapag-Lloyd AG,michael.schroeder@hlag.com,,
TRISK,LIMAKPORT ISKENDERUN LIMAN ISL.,LIMAKPORT ISKENDERUN,LIMAK,,2015-06-12,,,Hapag-Lloyd AG,michael.schroeder@hlag.com,,
TRIST,MARPORT LIMAN ISL .SAN.VE TIC.A.S,MARPORT,MRP,,2015-06-12,,,Hapag-Lloyd AG,michael.schroeder@hlag.com,,
TRIST,MARDAS MARMARA DENIZ ISLETMECILIGI A.S.,"MARDAS PORT,ISTANBUL",MRD,,2015-06-12,,,Hapag-Lloyd AG,michael.schroeder@hlag.com,,
TRIZM,T.C. DEVLET DEMIRYOLLARI ISLETMESIGENEL MUDURLUGU (TCDD),(TCDD) ALSANCAK,TCDD,,2004-05-31,,,,,"38.44500, 27.15333",
TRIZM,TCE EGE KONTEYNER TERMINAL,TCE EGE KONTEYNER TERMINAL,TCE,,2014-09-02,,2014-09-02,HSDG,ulf.patzer@hamburgsud.com,"38.75806, 26.92889",
TRKMX,KUMPORT LIMAN HIZ.LOJ.SAN.TIC.AS,KUMPORT LIMAN HIZ.LOJ.SAN.TIC.AS,KUMLI,,2004-05-31,,,,,"40.96750, 28.68167",
TRMER,M.I.P. MERSIN INTERNATIONAL PORT,M.I.P. MERSIN INTERNATIONAL PORT,MIP,,2004-05-31,,,,,"36.80194, 34.64194",
TRYAR,DP World Yar?mca Liman ??letmeleri A.?,DPWorld Yarimca,DPWYAR,,2015-08-11,,,DP world Yarimca,semih.yagmur@dpworld.com,"40.76778, 29.75667",www.dpworld.com.tr
TTPOS,"Port of Port of Spain, Port of Spain ","Port of Port of Spain, Port of Spain ",PPOS,,2014-07-10,,2014-07-10,HSDG,ulf.patzer@hamburgsud.com,"10.65417, -61.52389",
TWKEL,China Container Terminal,China Wudu Terminal,WUDU,,2004-05-31,,,,,"25.14639, 121.75222",
TWKEL,KEELUNG HARBOUR BUREAU,KEELUNG HARBOUR,KHB,,2015-06-12,,,Hapag-Lloyd AG,michael.schroeder@hlag.com,,
TWKEL,UNITED LOGISTICS INTERNATIONAL CO,ULIC (EAST WHARF),ULIC,,2015-06-12,,,Hapag-Lloyd AG,michael.schroeder@hlag.com,,
TWKHH,APL Kaoshiung Terminal,APL Kaoshiung Terminal,APLKT,,2014-02-06,,2014-02-06,HSDG,,"22.56194, 120.31861",
TWKHH,EVERGREEN MARICE CORP.(TAIWAN) LTD.,79/80/81,EMCKC5,,2015-02-12,,,Hapag-Lloyd AG,michael.schroeder@hlag.com,,
TWKHH,EVERGREEN MARICE CORP.(TAIWAN) LTD.,115/116/117,EMCKC4,,2015-02-12,,,Hapag-Lloyd AG,michael.schroeder@hlag.com,,
TWKHH,"HYUNDAI MERCHANT MARINE CO., LTD.",118/119,HMMT,,2015-02-12,,,Hapag-Lloyd AG,michael.schroeder@hlag.com,,
TWKHH,HANJIN PACIFIC CORP.(TAIWAN BRANCH),76/77/78,HJPCT,,2015-02-12,,,Hapag-Lloyd AG,michael.schroeder@hlag.com,,
TWKHH,KAO MING CONTAINER TERMINAL CORP.,108/109/110/111,KMCT,,2015-02-12,,,Hapag-Lloyd AG,michael.schroeder@hlag.com,,
TWKHH,LIEN HAI TERMINAL CORP.,42/43,KHHPT,,2015-02-12,,,Hapag-Lloyd AG,michael.schroeder@hlag.com,,
TWKHH,"OOCL(TAIWAN) CO., LTD.",65/66/67,KAOCT,,2015-02-12,,,Hapag-Lloyd AG,michael.schroeder@hlag.com,,
TWKHH,WAN HAI LINES LTD.,63/64,WHLT,,2015-02-12,,,Hapag-Lloyd AG,michael.schroeder@hlag.com,,
TWKHH,YANG MING MARINE TRANSPORT CORP.,70,YMLT,,2015-02-12,,,Hapag-Lloyd AG,michael.schroeder@hlag.com,,
UAODS,"BROOKLYN-KIEV PORT, LTD",BROOKLYN-KIEV PORT,BROOKL,,2015-06-12,,,Hapag-Lloyd AG,michael.schroeder@hlag.com,,
UAODS,CONTAINER TERMINAL DP GPK UKRAINE,ODESSA MARINE TRANSPORT PORT,OMTPEX,,2015-06-12,,,Hapag-Lloyd AG,michael.schroeder@hlag.com,,
USBAL,Ports America Chesapeake,Dundalk Marine Terminal,DMT,,2015-05-07,,,"Ports America Chesapeake, LLC",dora.roesler@portsamerica.com,"39.24250, -76.52533",www.portsamerica.com 
USBAL,"Ports america Baltimore, Inc.",Seagirt Marine Terminal,SMT,,2004-05-31,,,Hapag-Lloyd AG,michael.schroeder@hlag.com,"39.25500, -76.54667",www.portsamerica.com 
USCHS,SOUTH CAROLINA STATE PORTS AUTHORITY,NORTH CHARLESTON MARINE TERMINAL,NCMT,,2004-05-31,,,,,"32.90417, -79.95833",
USCHS,SOUTH CAROLINA STATE PORTS AUTHORITY,WANDO WELCH MARINE TERMINAL,WWMT,,2004-05-31,,,,,"32.83333, -79.89083",
USHNL,MATSON TERMINALS,MATSON TERMINALS,MATS,,2004-05-31,,,,,"21.31167, -157.87833",
USHNL,"PIER 1 HONOLULU, OAHU","PIER 1 HONOLULU, OAHU",HSP1,,2016-05-13,,,HSD,Marc.Jordens@Hamburgsud.com ,,
USHOU,PORT OF HOUSTON AUTHORITY,BARBOURS CUT MARINE TERMINAL,BCMT,,2004-05-31,,,,,"29.68000, -94.99833",
USHOU,PORT OF HOUSTON AUTHORITY,BAYPORT TERMINAL,BPTM,,2015-01-29,,,"Bayport Container Terminal, Easton McIntosh",emcintosh@poha.com,,
USJAX,"TRAPAC JACKSONVILLE,LLC",Berths 16-17,TRAJX,,2015-02-05,,,Hapag-Lloyd AG,michael.schroeder@hlag.com,,
USJAX,JAXPORT,BLOUNT ISLAND MARINE TERMINAL,BLOJX,,2015-02-05,,,Hapag-Lloyd AG,michael.schroeder@hlag.com,,
USJAX,JACKSONVILLE PORT AUTHORITY,TALLEYRAND MARINE TERMINAL,TMT,,2004-05-31,,,,,"30.35500, -81.62000",
USLAX,APM TERMINAL PIER 400,APMT LOS ANGELES,APMT,,2004-05-31,,,,,"33.72833, -118.25333",
USLAX,CALIFORNIA UNITED TERMINALS,CALIFORNIA UNITED TERMINALS,CALIFO,,2015-06-24,,,Hapag-Lloyd AG,michael.schroeder@hlag.com,,
USLAX,EAGLE MARINE TERMINAL,EAGLE MARINE TERMINAL,EAGLE,,2015-06-24,,,Hapag-Lloyd AG,michael.schroeder@hlag.com,"33.76833, -118.27333",
USLAX,TRAPAC INC,TRAPAC TERMINAL,TRAP,,2004-05-31,,,,,,
USLAX,YUSEN TERMINALS INC,YUSEN TERMINALS LA,YUSEN,,2015-06-24,,,Hapag-Lloyd AG,michael.schroeder@hlag.com,,
USLGB,INTERNATIONAL TRANSPORTATION SERVICE INC,ITS LONG BEACH,IST,,2004-05-31,,,,,"33.74500, -118.19500",
USLGB,SSA Long Beach,Matson Terminal (SSA Terminal C),MATU,,2016-02-22,,,Hapag-Lloyd AG,michael.schroeder@hlag.com,,
USLGB,SSA Long Beach,SSA Terminal A,SSATA,,2014-10-03,,2014-10-03,HSDG,ulf.patzer@hamburgsud.com,"33.76917, -118.23222",
USMIA,Port of Miami Terminal Operators,Port of Miami Terminal,POM,,2015-09-22,,,Hapag-Lloyd AG,michael.schroeder@hlag.com,,
USMIA,South Florida Container Terminal,South Florida Container Terminal,SOU,,2015-09-22,,,Hapag-Lloyd AG,michael.schroeder@hlag.com,,
USMOB,APM Terminal Mobile,APM Terminal Mobile,APMT,,2016-05-03,,,,Marc.Jordens@Hamburgsud.com ,,
USMSY,P&O Porta North America,Napoleon Avenue Container terminal,NOLA,,2005-09-19,,2005-09-19,P&O Ports,,,
USNTD,PORT HUENEME,PORT HUENEME,HUE,,2014-09-02,,2014-09-02,Hamburg Sud,ulf.patzer@hamburgsud.com,"34.14750, -119.20556",
USNYC,APM Terminals Port Elizabeth,APM Terminals Port Elizabeth,APMT,,2016-05-03,,,Hamburg Sud/APM,Marc.Jordens@Hamburgsud.com ,,http://www.apmterminals.com/operations/north-america/port-elizabeth
USNYC,GLOBAL TERMINAL & CONTAINER SERVICES,GLOBAL TERMINAL & CONTAINER SERVICE,GTC,,2004-05-31,,,,,"40.67250, -74.08250",
USNYC,MAERSK-SEALAND TERMINAL,MAERSK-SEALAND TERMINAL,MSK,,2014-09-15,,2014-09-15,Hapag-Lloyd AG,michael.schroeder@hlag.com,,
USNYC,MAHER TERMINAL,MAHER TERMINAL,MAHER,,2014-09-15,,2014-09-15,Hapag-Lloyd AG,michael.schroeder@hlag.com,,
USNYC,NEW YORK CONTAINER TERMINAL,NEW YORK CONTAINER TERMINAL,NYCT,,2004-05-31,,,,,"40.64083, -74.18917",
USOAK,PORTS AMERICA OUTER HARBOR TERMINAL,OUTER HARBOR TERMINAL,OHT,,2004-05-31,,,,,"37.81000, -122.33250",
USOAK,SSA Terminals,OAKLAND INTL CONTAINER TERMINAL,B58,,2014-09-15,,2014-09-15,Hapag-Lloyd AG,michael.schroeder@hlag.com,,
USOAK,TRAPAC,TRAPAC TERMINAL,TPOAK,,2014-09-15,,2014-09-15,Hapag-Lloyd AG,michael.schroeder@hlag.com,,
USORF,Virginia Port Authority ,Virginia International Gateway,VIG,2015-10-16,2014-09-15,,2014-09-15,Hapag-Lloyd AG,michael.schroeder@hlag.com,,
USORF,Virginia Port Authority,NORFOLK INTERNATIONAL TERMINAL,NIT,,2004-05-31,,,,,"36.92583, -76.32917",
USPDX,"ICTSI OREGON, INC",PORTLAND TERMINAL 6,PT6,,2004-05-31,,,,,"45.63833, -122.74667",
USPEF,"Florida International Terminal, LLC",Florida International Terminal,FIT,,2004-05-31,,,,,"26.07250, -80.11667",
USPEF,Port Everglades Terminal,Port Everglades Terminal,PET,,2015-09-22,,,Hapag-Lloyd AG,michael.schroeder@hlag.com,,
USPHL,Greenwich Terminals LLC,Packer Avenue Marine Terminal,PAMT,,2004-05-31,,,,,"39.90167, -75.13500",
USPTM,Virginia Port Authority ,Virginia International Gateway,VIG,,2015-09-22,,,Hapag-Lloyd AG,michael.schroeder@hlag.com,,
USPTM,Virginia Port Authority ,Portsmouth Marine Terminal,PMT,,2014-09-15,,2014-09-15,Hapag-Lloyd AG,michael.schroeder@hlag.com,,
USSAV,GEORGIA PORTS AUTHORITY,GARDEN CITY MARINE TERMINAL,GCMT,,2004-05-31,,,,,"32.12833, -81.14000",
USSEA,EAGLE MARINE TERMINAL,EAGLE MARINE SEATTLE,EAGLE,,2004-05-31,,,,,"47.57833, -122.36250",
USSEA,SSA TERMINALS,SSA TERMINAL T-18,SSA18,,2004-05-31,,,,,"47.58000, -122.34667",
USSEA,"TOTAL TERMINALS INTERNATIONAL, LLC",TOTAL TERMINALS INTERNATIONAL,TTI,,2004-05-31,,,,,"47.59833, -122.33917",
USTIW,APM TERMINALS - TACOMA WA,APM TERMINALS,APM,,2015-09-22,,,Hapag-Lloyd AG,michael.schroeder@hlag.com,,
USTIW,PIERCE COUNTY TERMINAL,"PIERCE COUNTY TERMINAL, TACOMA, WA",PCT,,2014-07-22,,2014-07-14,HSDG,ulf.patzer@hamburgsud.com,"47.00000, -122.00000",
USTIW,WASHINGTON UNITED TERMINALS,WASHINGTON UNITED TERMINALS,WUT,,2004-05-31,,,,,"47.26167, -122.39000",
UYMVD,MONTECON SA,MONTECON SA,MONTE,,2004-05-31,,,,,"-34.90028, -56.20667",
UYMVD,TERMINAL CUENCA DEL PLATA SA,TERMINAL CUENCA DEL PLATA SA,TCDP,,2004-05-31,,,,,"-34.90528, -56.22028",
UYPTP,Montes del Plata,Montes del Plata,MDP,,2015-06-11,,,HSDG,Marc.Jordens@Hamburgsud.com,,
VELAG,TERMINAL PUERTO DEL LITORAL CENTRAL(P.L.C.),TERMINAL PUERTO DEL LITORAL CENTRAL (P.L.C.),TPLAG,,2004-05-31,,,,,"10.60283, -66.94033",
VEPBL,"BOLIVARIANA DE PUERTOS, S.A. BOLIPUERTOS PUERTO CABELLO","BOLIVARIANA DE PUERTOS, S.A.",BOPBL,,2004-05-31,,,,,"10.46883, -67.99867",
VEPBL,Grupo Intershipping,"Terminal Services, C.A. - Puerto Cabello",ITS,,2015-02-05,,,Hapag-Lloyd AG,michael.schroeder@hlag.com,,
VNHPH,Chua Ve Port,Chua Ve Port,CVP,,2015-06-24,,,Hapag-Lloyd AG,michael.schroeder@hlag.com,,
VNHPH,Dinh Vu Port Investment & Development Joint stock Company,Dinh Vu Port,DINHVU,,2015-06-12,,,Hapag-Lloyd AG,michael.schroeder@hlag.com,,
VNHPH,DOAN XA PORT JSC,DOAN XA PORT JSC,DOANXA,,2015-06-12,,,Hapag-Lloyd AG,michael.schroeder@hlag.com,,
VNHPH,Green Port,Green Port,GREEN,,2015-06-24,,,Hapag-Lloyd AG,michael.schroeder@hlag.com,,
VNHPH,HAI AN  PORT,HAI AN  PORT,HAIAN,,2015-06-12,,,Hapag-Lloyd AG,michael.schroeder@hlag.com,,
VNHPH,MAIN PORT,MAIN PORT,MAIN,,2015-06-24,,,Hapag-Lloyd AG,michael.schroeder@hlag.com,,
VNHPH,NAM HAI - DINH VU,NAM HAI - DINH VU,NHDV,,2015-06-12,,,Hapag-Lloyd AG,michael.schroeder@hlag.com,,
VNHPH,NAMHAI PORT JOINT STOCK COPORATION,NAM HAI PORT,NAMHAI,,2015-06-12,,,Hapag-Lloyd AG,michael.schroeder@hlag.com,,
VNHPH,TANCANG128-HAIPHONG,TANCANG128-HAIPHONG,NP128,,2015-06-12,,,Hapag-Lloyd AG,michael.schroeder@hlag.com,,
VNHPH,TAN VU PORT-MEMBER OF HAIPHONG PORT,TAN VU PORT,TANVU,,2015-06-12,,,Hapag-Lloyd AG,michael.schroeder@hlag.com,,
VNSGN,Tan Cang Group Company,Cat Lai Terminal,CATLAI,,2015-03-10,,,Hapag-Lloyd AG,michael.schroeder@hlag.com,,
VNSGN,Saigon Premier Container Terminal,SPCT Terminal,SPCT,,2015-03-10,,,Hapag-Lloyd AG,michael.schroeder@hlag.com,,
VNVUT,Tan Cang-Cai Mep International Terminal Company,TCIT,TCIT,,2015-03-10,,,Hapag-Lloyd AG,michael.schroeder@hlag.com,,
VNVUT,Cai Mep  International Terminal,CMIT,CMIT,,2015-03-10,,,Hapag-Lloyd AG,michael.schroeder@hlag.com,,
ZACPT,TRANSNET PORT TERMINALS,MPT MULTI PURPOSE TERMINAL,TNCM,,2015-10-09,,,Hapag-Lloyd AG,michael.schroeder@hlag.com,,
ZACPT,TRANSNET PORT TERMINALS CAPE TOWN,TRANSNET PORT TERMINALS CAPE TOWN,TNCT,,2004-05-31,,,Hapag-Lloyd AG,michael.schroeder@hlag.com,"-33.91250, 18.42917",
ZADUR,TRANSNET PORT TERMINALS,DURBAN RORO TERMINAL,TNDRT,,2015-10-09,,,Hapag-Lloyd AG,michael.schroeder@hlag.com,,
ZADUR,DURBAN CONTAINER TERMINAL,TRANSNET PORT TERMINALS DURBAN PIER 2,TNP2,,2004-05-31,,,,,"-29.88056, 31.01750",
ZADUR,GRINDROD MAYDON WHARF TERMINALS,GRINDROD MAYDON WHARF TERMINALS,GMWT,,2004-05-31,,,,,"-29.88056, 31.01750",
ZADUR,PIER 1 CONTAINER TERMINAL,TRANSNET PORT TERMINALS PIER 1,TNP1,,2004-05-31,,,,,"-29.87972, 31.02972",
ZANGQ,TRANSNET PORT TERMINAL NGQURA PORT ELIZABETH,TRANSNET PORT TERMINALS NGQURA,TNNQ,,2004-05-31,,,,,"-33.80056, 25.68194",
ZAPLZ,TRANSNET PORT TERMINALS,TRANSNET PORT TERMINAL PORT ELIZABETH,TNPE,,2004-05-31,,,,,"-33.95833, 25.63806",
